0,/media/pi/ROMYUSB/log/images/capture_2018_10_22_41_40_575710.png,0.999969482,-0.008575439
1,/media/pi/ROMYUSB/log/images/capture_2018_10_22_41_40_782495.png,0.999969482,-0.008575439
2,/media/pi/ROMYUSB/log/images/capture_2018_10_22_41_40_877848.png,0.999969482,-0.008575439
3,/media/pi/ROMYUSB/log/images/capture_2018_10_22_41_40_978048.png,0.999969482,-0.008575439
4,/media/pi/ROMYUSB/log/images/capture_2018_10_22_41_41_078642.png,0.999969482,-0.008575439
5,/media/pi/ROMYUSB/log/images/capture_2018_10_22_41_41_180774.png,0.999969482,-0.008575439
6,/media/pi/ROMYUSB/log/images/capture_2018_10_22_41_41_282011.png,0.999969482,-0.008575439
7,/media/pi/ROMYUSB/log/images/capture_2018_10_22_41_41_383871.png,0.999969482,-0.008575439
8,/media/pi/ROMYUSB/log/images/capture_2018_10_22_41_41_483990.png,0.999969482,-0.008575439
9,/media/pi/ROMYUSB/log/images/capture_2018_10_22_41_41_583409.png,0.999969482,-0.008575439
10,/media/pi/ROMYUSB/log/images/capture_2018_10_22_41_41_735216.png,0.999969482,-0.008575439
11,/media/pi/ROMYUSB/log/images/capture_2018_10_22_41_41_837535.png,0.999969482,-0.008575439
12,/media/pi/ROMYUSB/log/images/capture_2018_10_22_41_41_921443.png,0.999969482,-0.008575439
13,/media/pi/ROMYUSB/log/images/capture_2018_10_22_41_42_020883.png,0.999969482,-0.008575439
14,/media/pi/ROMYUSB/log/images/capture_2018_10_22_41_42_120605.png,0.999969482,-0.008575439
15,/media/pi/ROMYUSB/log/images/capture_2018_10_22_41_42_204042.png,0.999969482,-0.008575439
16,/media/pi/ROMYUSB/log/images/capture_2018_10_22_41_42_303164.png,0.008544922,-0.008575439
17,/media/pi/ROMYUSB/log/images/capture_2018_10_22_41_42_403483.png,0.008544922,-0.008575439
18,/media/pi/ROMYUSB/log/images/capture_2018_10_22_41_42_498968.png,0.008544922,-0.008575439
19,/media/pi/ROMYUSB/log/images/capture_2018_10_22_41_42_622767.png,0.008544922,-0.008575439
20,/media/pi/ROMYUSB/log/images/capture_2018_10_22_41_42_746310.png,0.008544922,-0.008575439
21,/media/pi/ROMYUSB/log/images/capture_2018_10_22_41_42_848207.png,0.008544922,-0.008575439
22,/media/pi/ROMYUSB/log/images/capture_2018_10_22_41_42_948853.png,0.008544922,-0.008575439
23,/media/pi/ROMYUSB/log/images/capture_2018_10_22_41_43_049982.png,0.008544922,-0.008575439
24,/media/pi/ROMYUSB/log/images/capture_2018_10_22_41_43_151022.png,0,-0.008575439
25,/media/pi/ROMYUSB/log/images/capture_2018_10_22_41_43_235847.png,0,-0.008575439
26,/media/pi/ROMYUSB/log/images/capture_2018_10_22_41_43_336713.png,0,-0.008575439
27,/media/pi/ROMYUSB/log/images/capture_2018_10_22_41_43_440689.png,-0.085479736,-0.008575439
28,/media/pi/ROMYUSB/log/images/capture_2018_10_22_41_43_560992.png,-0.188049316,-0.008575439
29,/media/pi/ROMYUSB/log/images/capture_2018_10_22_41_43_684582.png,-0.188049316,-0.008575439
30,/media/pi/ROMYUSB/log/images/capture_2018_10_22_41_43_810905.png,-0.239318848,-0.008575439
31,/media/pi/ROMYUSB/log/images/capture_2018_10_22_41_43_930357.png,-0.282073975,-0.008575439
32,/media/pi/ROMYUSB/log/images/capture_2018_10_22_41_44_030339.png,-0.358978271,-0.008575439
33,/media/pi/ROMYUSB/log/images/capture_2018_10_22_41_44_132223.png,-0.444458008,-0.008575439
34,/media/pi/ROMYUSB/log/images/capture_2018_10_22_41_44_233953.png,-0.529937744,-0.008575439
35,/media/pi/ROMYUSB/log/images/capture_2018_10_22_41_44_363631.png,-0.572662354,-0.008575439
36,/media/pi/ROMYUSB/log/images/capture_2018_10_22_41_44_464751.png,-0.572662354,-0.008575439
37,/media/pi/ROMYUSB/log/images/capture_2018_10_22_41_44_547490.png,-0.572662354,-0.008575439
38,/media/pi/ROMYUSB/log/images/capture_2018_10_22_41_44_649786.png,-0.564117432,-0.008575439
39,/media/pi/ROMYUSB/log/images/capture_2018_10_22_41_44_774269.png,-0.564117432,-0.008575439
40,/media/pi/ROMYUSB/log/images/capture_2018_10_22_41_44_874530.png,0,-0.008575439
41,/media/pi/ROMYUSB/log/images/capture_2018_10_22_41_44_976819.png,0,-0.008575439
42,/media/pi/ROMYUSB/log/images/capture_2018_10_22_41_45_078492.png,0,-0.008575439
43,/media/pi/ROMYUSB/log/images/capture_2018_10_22_41_45_180168.png,0,-0.008575439
44,/media/pi/ROMYUSB/log/images/capture_2018_10_22_41_45_264761.png,0,-0.008575439
45,/media/pi/ROMYUSB/log/images/capture_2018_10_22_41_45_398920.png,0,-0.008575439
46,/media/pi/ROMYUSB/log/images/capture_2018_10_22_41_45_519062.png,-0.239318848,-0.008575439
47,/media/pi/ROMYUSB/log/images/capture_2018_10_22_41_45_643827.png,-0.316253662,-0.008575439
48,/media/pi/ROMYUSB/log/images/capture_2018_10_22_41_45_752725.png,-0.316253662,-0.008575439
49,/media/pi/ROMYUSB/log/images/capture_2018_10_22_41_45_886277.png,0.008544922,-0.008575439
50,/media/pi/ROMYUSB/log/images/capture_2018_10_22_41_46_010796.png,0.008544922,-0.008575439
51,/media/pi/ROMYUSB/log/images/capture_2018_10_22_41_46_136900.png,0.008544922,-0.008575439
52,/media/pi/ROMYUSB/log/images/capture_2018_10_22_41_46_237444.png,0.008544922,-0.008575439
53,/media/pi/ROMYUSB/log/images/capture_2018_10_22_41_46_337688.png,0.008544922,-0.008575439
54,/media/pi/ROMYUSB/log/images/capture_2018_10_22_41_46_444885.png,-0.145324707,-0.008575439
55,/media/pi/ROMYUSB/log/images/capture_2018_10_22_41_46_544467.png,-0.316253662,-0.008575439
56,/media/pi/ROMYUSB/log/images/capture_2018_10_22_41_46_644991.png,-0.324798584,-0.008575439
57,/media/pi/ROMYUSB/log/images/capture_2018_10_22_41_46_744528.png,-0.324798584,-0.008575439
58,/media/pi/ROMYUSB/log/images/capture_2018_10_22_41_46_847706.png,-0.264984131,-0.008575439
59,/media/pi/ROMYUSB/log/images/capture_2018_10_22_41_46_969434.png,0,-0.008575439
60,/media/pi/ROMYUSB/log/images/capture_2018_10_22_41_47_089779.png,0,-0.008575439
61,/media/pi/ROMYUSB/log/images/capture_2018_10_22_41_47_241264.png,0,-0.008575439
62,/media/pi/ROMYUSB/log/images/capture_2018_10_22_41_47_361083.png,0,-0.008575439
63,/media/pi/ROMYUSB/log/images/capture_2018_10_22_41_47_481559.png,0,-0.008575439
64,/media/pi/ROMYUSB/log/images/capture_2018_10_22_41_47_603187.png,0,-0.008575439
65,/media/pi/ROMYUSB/log/images/capture_2018_10_22_41_47_729538.png,0,-0.008575439
66,/media/pi/ROMYUSB/log/images/capture_2018_10_22_41_47_839284.png,0.076904297,-0.008575439
67,/media/pi/ROMYUSB/log/images/capture_2018_10_22_41_47_970282.png,0.188018799,-0.008575439
68,/media/pi/ROMYUSB/log/images/capture_2018_10_22_41_48_092068.png,0.188018799,-0.008575439
69,/media/pi/ROMYUSB/log/images/capture_2018_10_22_41_48_193830.png,0.188018799,-0.008575439
70,/media/pi/ROMYUSB/log/images/capture_2018_10_22_41_48_295935.png,0.188018799,-0.008575439
71,/media/pi/ROMYUSB/log/images/capture_2018_10_22_41_48_399679.png,0.196563721,-0.008575439
72,/media/pi/ROMYUSB/log/images/capture_2018_10_22_41_48_485538.png,0.256408691,-0.008575439
73,/media/pi/ROMYUSB/log/images/capture_2018_10_22_41_48_588988.png,0.495697021,-0.008575439
74,/media/pi/ROMYUSB/log/images/capture_2018_10_22_41_48_691811.png,0.658111572,-0.008575439
75,/media/pi/ROMYUSB/log/images/capture_2018_10_22_41_48_800033.png,0.666656494,-0.008575439
76,/media/pi/ROMYUSB/log/images/capture_2018_10_22_41_48_927739.png,0.999969482,-0.008575439
77,/media/pi/ROMYUSB/log/images/capture_2018_10_22_41_49_054710.png,0.999969482,-0.008575439
78,/media/pi/ROMYUSB/log/images/capture_2018_10_22_41_49_181328.png,0.999969482,-0.008575439
79,/media/pi/ROMYUSB/log/images/capture_2018_10_22_41_49_281067.png,0.999969482,-0.008575439
80,/media/pi/ROMYUSB/log/images/capture_2018_10_22_41_49_361117.png,0.999969482,-0.008575439
81,/media/pi/ROMYUSB/log/images/capture_2018_10_22_41_49_463653.png,0.999969482,-0.008575439
82,/media/pi/ROMYUSB/log/images/capture_2018_10_22_41_49_547852.png,0.999969482,-0.008575439
83,/media/pi/ROMYUSB/log/images/capture_2018_10_22_41_49_649228.png,0.999969482,-0.008575439
84,/media/pi/ROMYUSB/log/images/capture_2018_10_22_41_49_748511.png,0.999969482,-0.008575439
85,/media/pi/ROMYUSB/log/images/capture_2018_10_22_41_49_849292.png,0.999969482,-0.008575439
86,/media/pi/ROMYUSB/log/images/capture_2018_10_22_41_49_967744.png,0.999969482,-0.008575439
87,/media/pi/ROMYUSB/log/images/capture_2018_10_22_41_50_068114.png,0.999969482,-0.008575439
88,/media/pi/ROMYUSB/log/images/capture_2018_10_22_41_50_167945.png,0.999969482,-0.008575439
89,/media/pi/ROMYUSB/log/images/capture_2018_10_22_41_50_267791.png,0.999969482,-0.008575439
90,/media/pi/ROMYUSB/log/images/capture_2018_10_22_41_50_368480.png,0.999969482,-0.008575439
91,/media/pi/ROMYUSB/log/images/capture_2018_10_22_41_50_454737.png,0.999969482,-0.008575439
92,/media/pi/ROMYUSB/log/images/capture_2018_10_22_41_50_555718.png,0.999969482,-0.008575439
93,/media/pi/ROMYUSB/log/images/capture_2018_10_22_41_50_655012.png,0.999969482,-0.008575439
94,/media/pi/ROMYUSB/log/images/capture_2018_10_22_41_50_777347.png,0.999969482,-0.008575439
95,/media/pi/ROMYUSB/log/images/capture_2018_10_22_41_50_898265.png,0.999969482,-0.008575439
96,/media/pi/ROMYUSB/log/images/capture_2018_10_22_41_51_015959.png,0.999969482,-0.008575439
97,/media/pi/ROMYUSB/log/images/capture_2018_10_22_41_51_133539.png,0.999969482,-0.008575439
98,/media/pi/ROMYUSB/log/images/capture_2018_10_22_41_51_285555.png,0.999969482,-0.008575439
99,/media/pi/ROMYUSB/log/images/capture_2018_10_22_41_51_404067.png,0.999969482,-0.008575439
100,/media/pi/ROMYUSB/log/images/capture_2018_10_22_41_51_519011.png,0.999969482,-0.008575439
101,/media/pi/ROMYUSB/log/images/capture_2018_10_22_41_51_635274.png,0.999969482,-0.008575439
102,/media/pi/ROMYUSB/log/images/capture_2018_10_22_41_51_753835.png,0.999969482,-0.008575439
103,/media/pi/ROMYUSB/log/images/capture_2018_10_22_41_51_875023.png,0.999969482,-0.008575439
104,/media/pi/ROMYUSB/log/images/capture_2018_10_22_41_51_991024.png,0.999969482,-0.008575439
105,/media/pi/ROMYUSB/log/images/capture_2018_10_22_41_52_105201.png,0.999969482,-0.008575439
106,/media/pi/ROMYUSB/log/images/capture_2018_10_22_41_52_223138.png,0.999969482,-0.008575439
107,/media/pi/ROMYUSB/log/images/capture_2018_10_22_41_52_344990.png,0.999969482,-0.008575439
108,/media/pi/ROMYUSB/log/images/capture_2018_10_22_41_52_471437.png,0.999969482,-0.008575439
109,/media/pi/ROMYUSB/log/images/capture_2018_10_22_41_52_594335.png,0.999969482,-0.008575439
110,/media/pi/ROMYUSB/log/images/capture_2018_10_22_41_52_725289.png,0.999969482,-0.008575439
111,/media/pi/ROMYUSB/log/images/capture_2018_10_22_41_52_872005.png,0.999969482,-0.008575439
112,/media/pi/ROMYUSB/log/images/capture_2018_10_22_41_52_993361.png,0.999969482,-0.008575439
113,/media/pi/ROMYUSB/log/images/capture_2018_10_22_41_53_091761.png,0.555541992,-0.008575439
114,/media/pi/ROMYUSB/log/images/capture_2018_10_22_41_53_190398.png,0.008544922,-0.008575439
115,/media/pi/ROMYUSB/log/images/capture_2018_10_22_41_53_290465.png,0.008544922,-0.008575439
116,/media/pi/ROMYUSB/log/images/capture_2018_10_22_41_53_391735.png,0.008544922,-0.008575439
117,/media/pi/ROMYUSB/log/images/capture_2018_10_22_41_53_492525.png,0.008544922,-0.008575439
118,/media/pi/ROMYUSB/log/images/capture_2018_10_22_41_53_596694.png,0.008544922,-0.008575439
119,/media/pi/ROMYUSB/log/images/capture_2018_10_22_41_53_698441.png,0.008544922,-0.008575439
120,/media/pi/ROMYUSB/log/images/capture_2018_10_22_41_53_800102.png,0.008544922,-0.008575439
121,/media/pi/ROMYUSB/log/images/capture_2018_10_22_41_53_902473.png,0.008544922,-0.008575439
122,/media/pi/ROMYUSB/log/images/capture_2018_10_22_41_54_024961.png,0.008544922,-0.008575439
123,/media/pi/ROMYUSB/log/images/capture_2018_10_22_41_54_109768.png,0.008544922,-0.008575439
124,/media/pi/ROMYUSB/log/images/capture_2018_10_22_41_54_210583.png,0.008544922,-0.008575439
125,/media/pi/ROMYUSB/log/images/capture_2018_10_22_41_54_295445.png,0.008544922,-0.008575439
126,/media/pi/ROMYUSB/log/images/capture_2018_10_22_41_54_396365.png,0.008544922,-0.008575439
127,/media/pi/ROMYUSB/log/images/capture_2018_10_22_41_54_484307.png,0.008544922,-0.008575439
128,/media/pi/ROMYUSB/log/images/capture_2018_10_22_41_54_667357.png,0.008544922,-0.008575439
129,/media/pi/ROMYUSB/log/images/capture_2018_10_22_41_54_867415.png,0.034179688,-0.008575439
130,/media/pi/ROMYUSB/log/images/capture_2018_10_22_41_55_067663.png,0.076904297,-0.008575439
131,/media/pi/ROMYUSB/log/images/capture_2018_10_22_41_55_267547.png,0.059814453,-0.008575439
132,/media/pi/ROMYUSB/log/images/capture_2018_10_22_41_55_467652.png,0.051269531,-0.008575439
133,/media/pi/ROMYUSB/log/images/capture_2018_10_22_41_55_578513.png,0.051269531,-0.008575439
134,/media/pi/ROMYUSB/log/images/capture_2018_10_22_41_55_680871.png,0.051269531,-0.008575439
135,/media/pi/ROMYUSB/log/images/capture_2018_10_22_41_55_763755.png,0.051269531,-0.008575439
136,/media/pi/ROMYUSB/log/images/capture_2018_10_22_41_55_865102.png,0.051269531,-0.008575439
137,/media/pi/ROMYUSB/log/images/capture_2018_10_22_41_55_966279.png,0.051269531,-0.008575439
138,/media/pi/ROMYUSB/log/images/capture_2018_10_22_41_56_067810.png,0.051269531,-0.008575439
139,/media/pi/ROMYUSB/log/images/capture_2018_10_22_41_56_170880.png,0.051269531,-0.008575439
140,/media/pi/ROMYUSB/log/images/capture_2018_10_22_41_56_273495.png,0.051269531,-0.008575439
141,/media/pi/ROMYUSB/log/images/capture_2018_10_22_41_56_399761.png,0.051269531,-0.008575439
142,/media/pi/ROMYUSB/log/images/capture_2018_10_22_41_56_524524.png,0.008544922,-0.008575439
143,/media/pi/ROMYUSB/log/images/capture_2018_10_22_41_56_628940.png,0.008544922,-0.008575439
144,/media/pi/ROMYUSB/log/images/capture_2018_10_22_41_56_732625.png,0,-0.008575439
145,/media/pi/ROMYUSB/log/images/capture_2018_10_22_41_56_833356.png,0,-0.008575439
146,/media/pi/ROMYUSB/log/images/capture_2018_10_22_41_56_924223.png,0,-0.008575439
147,/media/pi/ROMYUSB/log/images/capture_2018_10_22_41_57_025600.png,0,-0.008575439
148,/media/pi/ROMYUSB/log/images/capture_2018_10_22_41_57_107840.png,0,-0.008575439
149,/media/pi/ROMYUSB/log/images/capture_2018_10_22_41_57_208633.png,0,-0.008575439
150,/media/pi/ROMYUSB/log/images/capture_2018_10_22_41_57_334028.png,0,-0.008575439
151,/media/pi/ROMYUSB/log/images/capture_2018_10_22_41_57_430466.png,0,-0.008575439
152,/media/pi/ROMYUSB/log/images/capture_2018_10_22_41_57_533722.png,0,-0.008575439
153,/media/pi/ROMYUSB/log/images/capture_2018_10_22_41_57_635590.png,-0.008575439,-0.008575439
154,/media/pi/ROMYUSB/log/images/capture_2018_10_22_41_57_736859.png,-0.008575439,-0.008575439
155,/media/pi/ROMYUSB/log/images/capture_2018_10_22_41_57_835364.png,-0.025665283,-0.008575439
156,/media/pi/ROMYUSB/log/images/capture_2018_10_22_41_57_933614.png,-0.051300049,-0.008575439
157,/media/pi/ROMYUSB/log/images/capture_2018_10_22_41_58_031320.png,-0.068389893,-0.008575439
158,/media/pi/ROMYUSB/log/images/capture_2018_10_22_41_58_133601.png,-0.085479736,-0.008575439
159,/media/pi/ROMYUSB/log/images/capture_2018_10_22_41_58_237540.png,-0.136779785,-0.008575439
160,/media/pi/ROMYUSB/log/images/capture_2018_10_22_41_58_335924.png,-0.196594238,-0.008575439
161,/media/pi/ROMYUSB/log/images/capture_2018_10_22_41_58_457373.png,-0.196594238,-0.008575439
162,/media/pi/ROMYUSB/log/images/capture_2018_10_22_41_58_586306.png,-0.20513916,-0.008575439
163,/media/pi/ROMYUSB/log/images/capture_2018_10_22_41_58_705236.png,-0.213684082,-0.008575439
164,/media/pi/ROMYUSB/log/images/capture_2018_10_22_41_58_830941.png,-0.213684082,-0.008575439
165,/media/pi/ROMYUSB/log/images/capture_2018_10_22_41_58_933256.png,-0.213684082,-0.008575439
166,/media/pi/ROMYUSB/log/images/capture_2018_10_22_41_59_053680.png,-0.213684082,-0.008575439
167,/media/pi/ROMYUSB/log/images/capture_2018_10_22_41_59_151417.png,-0.213684082,-0.008575439
168,/media/pi/ROMYUSB/log/images/capture_2018_10_22_41_59_249842.png,-0.136779785,-0.008575439
169,/media/pi/ROMYUSB/log/images/capture_2018_10_22_41_59_348678.png,0.376068115,-0.008575439
170,/media/pi/ROMYUSB/log/images/capture_2018_10_22_41_59_446315.png,0.999969482,-0.008575439
171,/media/pi/ROMYUSB/log/images/capture_2018_10_22_41_59_544623.png,0.999969482,-0.008575439
172,/media/pi/ROMYUSB/log/images/capture_2018_10_22_41_59_641257.png,0.999969482,-0.008575439
173,/media/pi/ROMYUSB/log/images/capture_2018_10_22_41_59_739182.png,0.999969482,-0.008575439
174,/media/pi/ROMYUSB/log/images/capture_2018_10_22_41_59_859829.png,0.999969482,-0.008575439
175,/media/pi/ROMYUSB/log/images/capture_2018_10_22_41_59_957398.png,0.999969482,-0.008575439
176,/media/pi/ROMYUSB/log/images/capture_2018_10_22_42_00_083932.png,0.999969482,-0.008575439
177,/media/pi/ROMYUSB/log/images/capture_2018_10_22_42_00_205606.png,0.999969482,-0.008575439
178,/media/pi/ROMYUSB/log/images/capture_2018_10_22_42_00_329551.png,0.999969482,-0.008575439
179,/media/pi/ROMYUSB/log/images/capture_2018_10_22_42_00_424602.png,0.999969482,-0.008575439
180,/media/pi/ROMYUSB/log/images/capture_2018_10_22_42_00_541165.png,0.999969482,-0.008575439
181,/media/pi/ROMYUSB/log/images/capture_2018_10_22_42_00_659690.png,0.999969482,-0.008575439
182,/media/pi/ROMYUSB/log/images/capture_2018_10_22_42_00_781530.png,0.999969482,-0.008575439
183,/media/pi/ROMYUSB/log/images/capture_2018_10_22_42_00_932527.png,0.999969482,-0.008575439
184,/media/pi/ROMYUSB/log/images/capture_2018_10_22_42_01_049181.png,0.999969482,-0.008575439
185,/media/pi/ROMYUSB/log/images/capture_2018_10_22_42_01_147246.png,0.999969482,-0.008575439
186,/media/pi/ROMYUSB/log/images/capture_2018_10_22_42_01_269868.png,0.999969482,-0.008575439
187,/media/pi/ROMYUSB/log/images/capture_2018_10_22_42_01_385675.png,0.999969482,-0.008575439
188,/media/pi/ROMYUSB/log/images/capture_2018_10_22_42_01_501911.png,0.999969482,-0.008575439
189,/media/pi/ROMYUSB/log/images/capture_2018_10_22_42_01_599542.png,0.999969482,-0.008575439
190,/media/pi/ROMYUSB/log/images/capture_2018_10_22_42_01_697957.png,0.999969482,-0.008575439
191,/media/pi/ROMYUSB/log/images/capture_2018_10_22_42_01_797064.png,0.999969482,-0.008575439
192,/media/pi/ROMYUSB/log/images/capture_2018_10_22_42_01_894176.png,0.999969482,-0.008575439
193,/media/pi/ROMYUSB/log/images/capture_2018_10_22_42_02_077084.png,0.999969482,-0.008575439
194,/media/pi/ROMYUSB/log/images/capture_2018_10_22_42_02_257967.png,0.999969482,-0.008575439
195,/media/pi/ROMYUSB/log/images/capture_2018_10_22_42_02_457607.png,0.999969482,-0.008575439
196,/media/pi/ROMYUSB/log/images/capture_2018_10_22_42_02_657509.png,0.999969482,-0.008575439
197,/media/pi/ROMYUSB/log/images/capture_2018_10_22_42_02_857392.png,0.999969482,-0.008575439
198,/media/pi/ROMYUSB/log/images/capture_2018_10_22_42_03_057573.png,0.999969482,-0.008575439
199,/media/pi/ROMYUSB/log/images/capture_2018_10_22_42_03_257424.png,0.999969482,-0.008575439
200,/media/pi/ROMYUSB/log/images/capture_2018_10_22_42_03_457500.png,0.999969482,-0.008575439
201,/media/pi/ROMYUSB/log/images/capture_2018_10_22_42_03_574811.png,0.999969482,-0.008575439
202,/media/pi/ROMYUSB/log/images/capture_2018_10_22_42_03_767478.png,0.999969482,-0.008575439
203,/media/pi/ROMYUSB/log/images/capture_2018_10_22_42_03_967453.png,0.999969482,-0.008575439
204,/media/pi/ROMYUSB/log/images/capture_2018_10_22_42_04_167444.png,0.999969482,-0.008575439
205,/media/pi/ROMYUSB/log/images/capture_2018_10_22_42_04_367457.png,0.999969482,-0.008575439
206,/media/pi/ROMYUSB/log/images/capture_2018_10_22_42_04_568975.png,0.999969482,-0.008575439
207,/media/pi/ROMYUSB/log/images/capture_2018_10_22_42_04_750264.png,0.008544922,-0.008575439
208,/media/pi/ROMYUSB/log/images/capture_2018_10_22_42_04_869371.png,0.008544922,-0.008575439
209,/media/pi/ROMYUSB/log/images/capture_2018_10_22_42_04_989920.png,0.008544922,-0.008575439
210,/media/pi/ROMYUSB/log/images/capture_2018_10_22_42_05_110038.png,0.008544922,-0.008575439
211,/media/pi/ROMYUSB/log/images/capture_2018_10_22_42_05_238471.png,0,-0.008575439
212,/media/pi/ROMYUSB/log/images/capture_2018_10_22_42_05_357466.png,0,-0.008575439
213,/media/pi/ROMYUSB/log/images/capture_2018_10_22_42_05_455873.png,-0.196594238,-0.008575439
214,/media/pi/ROMYUSB/log/images/capture_2018_10_22_42_05_556336.png,-0.341888428,-0.008575439
215,/media/pi/ROMYUSB/log/images/capture_2018_10_22_42_05_656277.png,-0.358978271,-0.008575439
216,/media/pi/ROMYUSB/log/images/capture_2018_10_22_42_05_755613.png,-0.367523193,-0.008575439
217,/media/pi/ROMYUSB/log/images/capture_2018_10_22_42_05_857338.png,-0.367523193,-0.008575439
218,/media/pi/ROMYUSB/log/images/capture_2018_10_22_42_05_987462.png,-0.367523193,-0.008575439
219,/media/pi/ROMYUSB/log/images/capture_2018_10_22_42_06_089018.png,-0.358978271,-0.008575439
220,/media/pi/ROMYUSB/log/images/capture_2018_10_22_42_06_209228.png,-0.358978271,-0.008575439
221,/media/pi/ROMYUSB/log/images/capture_2018_10_22_42_06_329870.png,-0.358978271,-0.008575439
222,/media/pi/ROMYUSB/log/images/capture_2018_10_22_42_06_454291.png,-0.358978271,-0.008575439
223,/media/pi/ROMYUSB/log/images/capture_2018_10_22_42_06_552534.png,-0.358978271,-0.008575439
224,/media/pi/ROMYUSB/log/images/capture_2018_10_22_42_06_639183.png,-0.358978271,-0.008575439
225,/media/pi/ROMYUSB/log/images/capture_2018_10_22_42_06_737020.png,-0.358978271,-0.008575439
226,/media/pi/ROMYUSB/log/images/capture_2018_10_22_42_06_838044.png,-0.358978271,-0.008575439
227,/media/pi/ROMYUSB/log/images/capture_2018_10_22_42_06_939978.png,-0.358978271,-0.008575439
228,/media/pi/ROMYUSB/log/images/capture_2018_10_22_42_07_044218.png,-0.358978271,-0.008575439
229,/media/pi/ROMYUSB/log/images/capture_2018_10_22_42_07_144305.png,-0.358978271,-0.008575439
230,/media/pi/ROMYUSB/log/images/capture_2018_10_22_42_07_246018.png,-0.358978271,-0.008575439
231,/media/pi/ROMYUSB/log/images/capture_2018_10_22_42_07_367780.png,-0.358978271,-0.008575439
232,/media/pi/ROMYUSB/log/images/capture_2018_10_22_42_07_466670.png,-0.358978271,-0.008575439
233,/media/pi/ROMYUSB/log/images/capture_2018_10_22_42_07_567410.png,-0.358978271,-0.008575439
234,/media/pi/ROMYUSB/log/images/capture_2018_10_22_42_07_667880.png,-0.358978271,-0.008575439
235,/media/pi/ROMYUSB/log/images/capture_2018_10_22_42_07_767712.png,-0.358978271,-0.008575439
236,/media/pi/ROMYUSB/log/images/capture_2018_10_22_42_07_867945.png,0.008544922,-0.008575439
237,/media/pi/ROMYUSB/log/images/capture_2018_10_22_42_07_968541.png,0.008544922,-0.008575439
238,/media/pi/ROMYUSB/log/images/capture_2018_10_22_42_08_072028.png,0.008544922,-0.008575439
239,/media/pi/ROMYUSB/log/images/capture_2018_10_22_42_08_196790.png,0.008544922,-0.008575439
240,/media/pi/ROMYUSB/log/images/capture_2018_10_22_42_08_320061.png,0.008544922,-0.008575439
241,/media/pi/ROMYUSB/log/images/capture_2018_10_22_42_08_442653.png,0.008544922,-0.008575439
242,/media/pi/ROMYUSB/log/images/capture_2018_10_22_42_08_565870.png,0.008544922,-0.008575439
243,/media/pi/ROMYUSB/log/images/capture_2018_10_22_42_08_686916.png,0.008544922,-0.008575439
244,/media/pi/ROMYUSB/log/images/capture_2018_10_22_42_08_817833.png,0.008544922,-0.008575439
245,/media/pi/ROMYUSB/log/images/capture_2018_10_22_42_08_947592.png,0.008544922,-0.008575439
246,/media/pi/ROMYUSB/log/images/capture_2018_10_22_42_09_053014.png,0.008544922,-0.008575439
247,/media/pi/ROMYUSB/log/images/capture_2018_10_22_42_09_183336.png,0,-0.008575439
248,/media/pi/ROMYUSB/log/images/capture_2018_10_22_42_09_303363.png,0,-0.008575439
249,/media/pi/ROMYUSB/log/images/capture_2018_10_22_42_09_424301.png,0,-0.017120361
250,/media/pi/ROMYUSB/log/images/capture_2018_10_22_42_09_546940.png,0,-0.008575439
251,/media/pi/ROMYUSB/log/images/capture_2018_10_22_42_09_667719.png,0,-0.008575439
252,/media/pi/ROMYUSB/log/images/capture_2018_10_22_42_09_767651.png,0,-0.008575439
253,/media/pi/ROMYUSB/log/images/capture_2018_10_22_42_09_868213.png,0,-0.008575439
254,/media/pi/ROMYUSB/log/images/capture_2018_10_22_42_09_972848.png,0,-0.017120361
255,/media/pi/ROMYUSB/log/images/capture_2018_10_22_42_10_075760.png,0,-0.008575439
256,/media/pi/ROMYUSB/log/images/capture_2018_10_22_42_10_176751.png,0,-0.008575439
257,/media/pi/ROMYUSB/log/images/capture_2018_10_22_42_10_360626.png,0,-0.017120361
258,/media/pi/ROMYUSB/log/images/capture_2018_10_22_42_10_562364.png,0.136749268,-0.008575439
259,/media/pi/ROMYUSB/log/images/capture_2018_10_22_42_10_766941.png,0.717926025,-0.008575439
260,/media/pi/ROMYUSB/log/images/capture_2018_10_22_42_10_946912.png,0.999969482,-0.008575439
261,/media/pi/ROMYUSB/log/images/capture_2018_10_22_42_11_126600.png,0.999969482,-0.017120361
262,/media/pi/ROMYUSB/log/images/capture_2018_10_22_42_11_306636.png,0.999969482,-0.017120361
263,/media/pi/ROMYUSB/log/images/capture_2018_10_22_42_11_487426.png,0.999969482,-0.017120361
264,/media/pi/ROMYUSB/log/images/capture_2018_10_22_42_11_686727.png,0.999969482,-0.017120361
265,/media/pi/ROMYUSB/log/images/capture_2018_10_22_42_11_767630.png,0.999969482,-0.008575439
266,/media/pi/ROMYUSB/log/images/capture_2018_10_22_42_11_946735.png,0.999969482,-0.008575439
267,/media/pi/ROMYUSB/log/images/capture_2018_10_22_42_12_126715.png,0.999969482,-0.008575439
268,/media/pi/ROMYUSB/log/images/capture_2018_10_22_42_12_307546.png,0.999969482,-0.008575439
269,/media/pi/ROMYUSB/log/images/capture_2018_10_22_42_12_509288.png,0.999969482,-0.008575439
270,/media/pi/ROMYUSB/log/images/capture_2018_10_22_42_12_707568.png,0.999969482,-0.008575439
271,/media/pi/ROMYUSB/log/images/capture_2018_10_22_42_12_907695.png,0.999969482,-0.008575439
272,/media/pi/ROMYUSB/log/images/capture_2018_10_22_42_13_107422.png,0.999969482,-0.008575439
273,/media/pi/ROMYUSB/log/images/capture_2018_10_22_42_13_307575.png,0.999969482,-0.008575439
274,/media/pi/ROMYUSB/log/images/capture_2018_10_22_42_13_509267.png,0.999969482,-0.008575439
275,/media/pi/ROMYUSB/log/images/capture_2018_10_22_42_13_697688.png,0.999969482,-0.008575439
276,/media/pi/ROMYUSB/log/images/capture_2018_10_22_42_13_888078.png,0.999969482,-0.008575439
277,/media/pi/ROMYUSB/log/images/capture_2018_10_22_42_14_087740.png,0.999969482,-0.008575439
278,/media/pi/ROMYUSB/log/images/capture_2018_10_22_42_14_287682.png,0.999969482,-0.008575439
279,/media/pi/ROMYUSB/log/images/capture_2018_10_22_42_14_487541.png,0.999969482,-0.008575439
280,/media/pi/ROMYUSB/log/images/capture_2018_10_22_42_14_677832.png,0.999969482,-0.008575439
281,/media/pi/ROMYUSB/log/images/capture_2018_10_22_42_14_867568.png,0.999969482,-0.008575439
282,/media/pi/ROMYUSB/log/images/capture_2018_10_22_42_15_057647.png,0.999969482,-0.008575439
283,/media/pi/ROMYUSB/log/images/capture_2018_10_22_42_15_146517.png,0.008544922,-0.008575439
284,/media/pi/ROMYUSB/log/images/capture_2018_10_22_42_15_337667.png,0.008544922,-0.008575439
285,/media/pi/ROMYUSB/log/images/capture_2018_10_22_42_15_528172.png,0.008544922,-0.008575439
286,/media/pi/ROMYUSB/log/images/capture_2018_10_22_42_15_717636.png,0.008544922,-0.008575439
287,/media/pi/ROMYUSB/log/images/capture_2018_10_22_42_15_907655.png,0.008544922,-0.008575439
288,/media/pi/ROMYUSB/log/images/capture_2018_10_22_42_16_097662.png,0.008544922,-0.008575439
289,/media/pi/ROMYUSB/log/images/capture_2018_10_22_42_16_287775.png,0.008544922,-0.008575439
290,/media/pi/ROMYUSB/log/images/capture_2018_10_22_42_16_410402.png,0.008544922,-0.008575439
291,/media/pi/ROMYUSB/log/images/capture_2018_10_22_42_16_511585.png,0.008544922,-0.008575439
292,/media/pi/ROMYUSB/log/images/capture_2018_10_22_42_16_612463.png,0.008544922,-0.008575439
293,/media/pi/ROMYUSB/log/images/capture_2018_10_22_42_16_713719.png,0.008544922,-0.008575439
294,/media/pi/ROMYUSB/log/images/capture_2018_10_22_42_16_815324.png,0.008544922,-0.008575439
295,/media/pi/ROMYUSB/log/images/capture_2018_10_22_42_16_918948.png,0.008544922,-0.008575439
296,/media/pi/ROMYUSB/log/images/capture_2018_10_22_42_17_021709.png,0.008544922,-0.008575439
297,/media/pi/ROMYUSB/log/images/capture_2018_10_22_42_17_125352.png,0.008544922,-0.008575439
298,/media/pi/ROMYUSB/log/images/capture_2018_10_22_42_17_248175.png,0.008544922,-0.008575439
299,/media/pi/ROMYUSB/log/images/capture_2018_10_22_42_17_381903.png,0.008544922,-0.008575439
300,/media/pi/ROMYUSB/log/images/capture_2018_10_22_42_17_511437.png,0,-0.008575439
301,/media/pi/ROMYUSB/log/images/capture_2018_10_22_42_17_614588.png,0,-0.008575439
302,/media/pi/ROMYUSB/log/images/capture_2018_10_22_42_17_738475.png,0,-0.008575439
303,/media/pi/ROMYUSB/log/images/capture_2018_10_22_42_17_863719.png,0,-0.008575439
304,/media/pi/ROMYUSB/log/images/capture_2018_10_22_42_17_989529.png,0,-0.008575439
305,/media/pi/ROMYUSB/log/images/capture_2018_10_22_42_18_113257.png,0,-0.008575439
306,/media/pi/ROMYUSB/log/images/capture_2018_10_22_42_18_240132.png,0,-0.008575439
307,/media/pi/ROMYUSB/log/images/capture_2018_10_22_42_18_339946.png,-0.008575439,-0.008575439
308,/media/pi/ROMYUSB/log/images/capture_2018_10_22_42_18_418486.png,-0.008575439,-0.008575439
309,/media/pi/ROMYUSB/log/images/capture_2018_10_22_42_18_547235.png,-0.034210205,-0.008575439
310,/media/pi/ROMYUSB/log/images/capture_2018_10_22_42_18_648365.png,-0.051300049,-0.008575439
311,/media/pi/ROMYUSB/log/images/capture_2018_10_22_42_18_751274.png,-0.076934814,-0.008575439
312,/media/pi/ROMYUSB/log/images/capture_2018_10_22_42_18_852200.png,-0.076934814,-0.008575439
313,/media/pi/ROMYUSB/log/images/capture_2018_10_22_42_18_952885.png,-0.085479736,-0.008575439
314,/media/pi/ROMYUSB/log/images/capture_2018_10_22_42_19_058616.png,-0.085479736,-0.008575439
315,/media/pi/ROMYUSB/log/images/capture_2018_10_22_42_19_183997.png,-0.085479736,-0.008575439
316,/media/pi/ROMYUSB/log/images/capture_2018_10_22_42_19_314103.png,-0.085479736,-0.008575439
317,/media/pi/ROMYUSB/log/images/capture_2018_10_22_42_19_421035.png,-0.085479736,-0.008575439
318,/media/pi/ROMYUSB/log/images/capture_2018_10_22_42_19_521900.png,-0.094024658,-0.008575439
319,/media/pi/ROMYUSB/log/images/capture_2018_10_22_42_19_622848.png,-0.094024658,-0.008575439
320,/media/pi/ROMYUSB/log/images/capture_2018_10_22_42_19_699844.png,-0.10256958,-0.008575439
321,/media/pi/ROMYUSB/log/images/capture_2018_10_22_42_19_803594.png,-0.145324707,-0.008575439
322,/media/pi/ROMYUSB/log/images/capture_2018_10_22_42_19_907013.png,-0.162414551,-0.008575439
323,/media/pi/ROMYUSB/log/images/capture_2018_10_22_42_20_007211.png,-0.162414551,-0.008575439
324,/media/pi/ROMYUSB/log/images/capture_2018_10_22_42_20_108755.png,-0.162414551,-0.008575439
325,/media/pi/ROMYUSB/log/images/capture_2018_10_22_42_20_231760.png,-0.162414551,-0.008575439
326,/media/pi/ROMYUSB/log/images/capture_2018_10_22_42_20_406972.png,-0.153869629,-0.008575439
327,/media/pi/ROMYUSB/log/images/capture_2018_10_22_42_20_586897.png,-0.153869629,-0.008575439
328,/media/pi/ROMYUSB/log/images/capture_2018_10_22_42_20_767490.png,0,-0.008575439
329,/media/pi/ROMYUSB/log/images/capture_2018_10_22_42_20_948220.png,0,-0.008575439
330,/media/pi/ROMYUSB/log/images/capture_2018_10_22_42_21_147599.png,0,-0.008575439
331,/media/pi/ROMYUSB/log/images/capture_2018_10_22_42_21_303517.png,0.999969482,-0.008575439
332,/media/pi/ROMYUSB/log/images/capture_2018_10_22_42_21_428030.png,0.999969482,-0.008575439
333,/media/pi/ROMYUSB/log/images/capture_2018_10_22_42_21_528322.png,0.999969482,-0.008575439
334,/media/pi/ROMYUSB/log/images/capture_2018_10_22_42_21_653864.png,0.999969482,-0.008575439
335,/media/pi/ROMYUSB/log/images/capture_2018_10_22_42_21_733048.png,0.999969482,-0.008575439
336,/media/pi/ROMYUSB/log/images/capture_2018_10_22_42_21_835397.png,0.999969482,-0.008575439
337,/media/pi/ROMYUSB/log/images/capture_2018_10_22_42_21_919440.png,0.999969482,-0.008575439
338,/media/pi/ROMYUSB/log/images/capture_2018_10_22_42_22_018450.png,0.999969482,-0.008575439
339,/media/pi/ROMYUSB/log/images/capture_2018_10_22_42_22_118074.png,0.999969482,-0.008575439
340,/media/pi/ROMYUSB/log/images/capture_2018_10_22_42_22_221463.png,0.999969482,-0.008575439
341,/media/pi/ROMYUSB/log/images/capture_2018_10_22_42_22_327986.png,0.999969482,-0.008575439
342,/media/pi/ROMYUSB/log/images/capture_2018_10_22_42_22_463272.png,0.999969482,-0.008575439
343,/media/pi/ROMYUSB/log/images/capture_2018_10_22_42_22_592142.png,0.999969482,-0.008575439
344,/media/pi/ROMYUSB/log/images/capture_2018_10_22_42_22_722437.png,0.999969482,-0.008575439
345,/media/pi/ROMYUSB/log/images/capture_2018_10_22_42_22_847908.png,0.999969482,-0.008575439
346,/media/pi/ROMYUSB/log/images/capture_2018_10_22_42_22_952649.png,0.999969482,-0.008575439
347,/media/pi/ROMYUSB/log/images/capture_2018_10_22_42_23_052839.png,0.999969482,-0.008575439
348,/media/pi/ROMYUSB/log/images/capture_2018_10_22_42_23_157404.png,0.999969482,-0.008575439
349,/media/pi/ROMYUSB/log/images/capture_2018_10_22_42_23_261713.png,0.999969482,-0.008575439
350,/media/pi/ROMYUSB/log/images/capture_2018_10_22_42_23_366253.png,0.999969482,-0.008575439
351,/media/pi/ROMYUSB/log/images/capture_2018_10_22_42_23_471220.png,0.999969482,-0.008575439
352,/media/pi/ROMYUSB/log/images/capture_2018_10_22_42_23_577357.png,0.999969482,-0.008575439
353,/media/pi/ROMYUSB/log/images/capture_2018_10_22_42_23_702483.png,0.999969482,-0.008575439
354,/media/pi/ROMYUSB/log/images/capture_2018_10_22_42_23_802826.png,0.999969482,-0.008575439
355,/media/pi/ROMYUSB/log/images/capture_2018_10_22_42_23_906992.png,0.999969482,-0.008575439
356,/media/pi/ROMYUSB/log/images/capture_2018_10_22_42_24_010908.png,0.999969482,-0.008575439
357,/media/pi/ROMYUSB/log/images/capture_2018_10_22_42_24_111652.png,0.999969482,-0.008575439
358,/media/pi/ROMYUSB/log/images/capture_2018_10_22_42_24_212055.png,0.999969482,-0.008575439
359,/media/pi/ROMYUSB/log/images/capture_2018_10_22_42_24_293996.png,0.999969482,-0.008575439
360,/media/pi/ROMYUSB/log/images/capture_2018_10_22_42_24_399996.png,0.999969482,-0.008575439
361,/media/pi/ROMYUSB/log/images/capture_2018_10_22_42_24_525957.png,0.999969482,-0.008575439
362,/media/pi/ROMYUSB/log/images/capture_2018_10_22_42_24_653400.png,0.999969482,-0.008575439
363,/media/pi/ROMYUSB/log/images/capture_2018_10_22_42_24_755551.png,0.999969482,-0.008575439
364,/media/pi/ROMYUSB/log/images/capture_2018_10_22_42_24_858054.png,0.999969482,-0.008575439
365,/media/pi/ROMYUSB/log/images/capture_2018_10_22_42_24_960129.png,0.999969482,-0.008575439
366,/media/pi/ROMYUSB/log/images/capture_2018_10_22_42_25_065229.png,0.999969482,-0.008575439
367,/media/pi/ROMYUSB/log/images/capture_2018_10_22_42_25_168575.png,0.999969482,-0.008575439
368,/media/pi/ROMYUSB/log/images/capture_2018_10_22_42_25_271481.png,0.999969482,-0.008575439
369,/media/pi/ROMYUSB/log/images/capture_2018_10_22_42_25_355522.png,0.999969482,-0.008575439
370,/media/pi/ROMYUSB/log/images/capture_2018_10_22_42_25_483750.png,0.999969482,-0.008575439
371,/media/pi/ROMYUSB/log/images/capture_2018_10_22_42_25_611197.png,0.999969482,-0.008575439
372,/media/pi/ROMYUSB/log/images/capture_2018_10_22_42_25_710771.png,0.999969482,-0.008575439
373,/media/pi/ROMYUSB/log/images/capture_2018_10_22_42_25_839772.png,0.999969482,-0.008575439
374,/media/pi/ROMYUSB/log/images/capture_2018_10_22_42_25_964125.png,0.999969482,-0.008575439
375,/media/pi/ROMYUSB/log/images/capture_2018_10_22_42_26_067221.png,0.999969482,-0.008575439
376,/media/pi/ROMYUSB/log/images/capture_2018_10_22_42_26_172736.png,0.999969482,-0.008575439
377,/media/pi/ROMYUSB/log/images/capture_2018_10_22_42_26_272670.png,0.999969482,-0.008575439
378,/media/pi/ROMYUSB/log/images/capture_2018_10_22_42_26_358659.png,0.999969482,-0.008575439
379,/media/pi/ROMYUSB/log/images/capture_2018_10_22_42_26_459373.png,0.999969482,-0.008575439
380,/media/pi/ROMYUSB/log/images/capture_2018_10_22_42_26_543645.png,0.008544922,-0.008575439
381,/media/pi/ROMYUSB/log/images/capture_2018_10_22_42_26_643806.png,0.008544922,-0.008575439
382,/media/pi/ROMYUSB/log/images/capture_2018_10_22_42_26_775976.png,0.008544922,-0.008575439
383,/media/pi/ROMYUSB/log/images/capture_2018_10_22_42_26_879190.png,0.008544922,-0.008575439
384,/media/pi/ROMYUSB/log/images/capture_2018_10_22_42_27_001596.png,0.008544922,-0.008575439
385,/media/pi/ROMYUSB/log/images/capture_2018_10_22_42_27_102077.png,0.008544922,-0.008575439
386,/media/pi/ROMYUSB/log/images/capture_2018_10_22_42_27_202931.png,0,-0.008575439
387,/media/pi/ROMYUSB/log/images/capture_2018_10_22_42_27_303416.png,0,-0.008575439
388,/media/pi/ROMYUSB/log/images/capture_2018_10_22_42_27_403633.png,-0.034210205,-0.008575439
389,/media/pi/ROMYUSB/log/images/capture_2018_10_22_42_27_504386.png,-0.145324707,-0.008575439
390,/media/pi/ROMYUSB/log/images/capture_2018_10_22_42_27_596311.png,-0.162414551,-0.008575439
391,/media/pi/ROMYUSB/log/images/capture_2018_10_22_42_27_778536.png,-0.179504395,-0.008575439
392,/media/pi/ROMYUSB/log/images/capture_2018_10_22_42_27_977476.png,-0.264984131,-0.008575439
393,/media/pi/ROMYUSB/log/images/capture_2018_10_22_42_28_176589.png,-0.435913086,-0.008575439
394,/media/pi/ROMYUSB/log/images/capture_2018_10_22_42_28_356597.png,-0.529937744,-0.008575439
395,/media/pi/ROMYUSB/log/images/capture_2018_10_22_42_28_536633.png,-0.589752197,-0.008575439
396,/media/pi/ROMYUSB/log/images/capture_2018_10_22_42_28_672950.png,-0.598297119,-0.008575439
397,/media/pi/ROMYUSB/log/images/capture_2018_10_22_42_28_773363.png,-0.598297119,-0.008575439
398,/media/pi/ROMYUSB/log/images/capture_2018_10_22_42_28_897434.png,-0.598297119,-0.008575439
399,/media/pi/ROMYUSB/log/images/capture_2018_10_22_42_29_000060.png,-0.598297119,-0.008575439
400,/media/pi/ROMYUSB/log/images/capture_2018_10_22_42_29_104034.png,-0.598297119,-0.008575439
401,/media/pi/ROMYUSB/log/images/capture_2018_10_22_42_29_208674.png,0.008544922,-0.008575439
402,/media/pi/ROMYUSB/log/images/capture_2018_10_22_42_29_293340.png,0.008544922,-0.008575439
403,/media/pi/ROMYUSB/log/images/capture_2018_10_22_42_29_393507.png,0.008544922,-0.008575439
404,/media/pi/ROMYUSB/log/images/capture_2018_10_22_42_29_493626.png,0.008544922,-0.008575439
405,/media/pi/ROMYUSB/log/images/capture_2018_10_22_42_29_580948.png,0.008544922,-0.008575439
406,/media/pi/ROMYUSB/log/images/capture_2018_10_22_42_29_713544.png,0.008544922,-0.008575439
407,/media/pi/ROMYUSB/log/images/capture_2018_10_22_42_29_839733.png,0.008544922,-0.008575439
408,/media/pi/ROMYUSB/log/images/capture_2018_10_22_42_29_963940.png,0.008544922,-0.017120361
409,/media/pi/ROMYUSB/log/images/capture_2018_10_22_42_30_091849.png,-0.299163818,-0.017120361
410,/media/pi/ROMYUSB/log/images/capture_2018_10_22_42_30_169632.png,-0.299163818,-0.017120361
411,/media/pi/ROMYUSB/log/images/capture_2018_10_22_42_30_272125.png,-0.299163818,-0.008575439
412,/media/pi/ROMYUSB/log/images/capture_2018_10_22_42_30_376894.png,-0.273529053,-0.008575439
413,/media/pi/ROMYUSB/log/images/capture_2018_10_22_42_30_479165.png,-0.222229004,-0.008575439
414,/media/pi/ROMYUSB/log/images/capture_2018_10_22_42_30_580132.png,0,-0.017120361
415,/media/pi/ROMYUSB/log/images/capture_2018_10_22_42_30_680377.png,0,-0.008575439
416,/media/pi/ROMYUSB/log/images/capture_2018_10_22_42_30_782691.png,0,-0.008575439
417,/media/pi/ROMYUSB/log/images/capture_2018_10_22_42_30_910213.png,0,-0.008575439
418,/media/pi/ROMYUSB/log/images/capture_2018_10_22_42_31_036468.png,0,-0.008575439
419,/media/pi/ROMYUSB/log/images/capture_2018_10_22_42_31_164717.png,0,-0.008575439
420,/media/pi/ROMYUSB/log/images/capture_2018_10_22_42_31_288443.png,0,-0.008575439
421,/media/pi/ROMYUSB/log/images/capture_2018_10_22_42_31_411457.png,0,-0.008575439
422,/media/pi/ROMYUSB/log/images/capture_2018_10_22_42_31_539922.png,0,-0.008575439
423,/media/pi/ROMYUSB/log/images/capture_2018_10_22_42_31_645705.png,0,-0.008575439
424,/media/pi/ROMYUSB/log/images/capture_2018_10_22_42_31_778169.png,0.008544922,-0.008575439
425,/media/pi/ROMYUSB/log/images/capture_2018_10_22_42_31_888577.png,0.085449219,-0.008575439
426,/media/pi/ROMYUSB/log/images/capture_2018_10_22_42_31_992196.png,0.119628906,-0.008575439
427,/media/pi/ROMYUSB/log/images/capture_2018_10_22_42_32_075387.png,0.188018799,-0.008575439
428,/media/pi/ROMYUSB/log/images/capture_2018_10_22_42_32_178377.png,0.188018799,-0.008575439
429,/media/pi/ROMYUSB/log/images/capture_2018_10_22_42_32_262080.png,0.367492676,-0.008575439
430,/media/pi/ROMYUSB/log/images/capture_2018_10_22_42_32_365550.png,0.435882568,-0.008575439
431,/media/pi/ROMYUSB/log/images/capture_2018_10_22_42_32_451051.png,0.44442749,-0.008575439
432,/media/pi/ROMYUSB/log/images/capture_2018_10_22_42_32_550740.png,0.44442749,-0.008575439
433,/media/pi/ROMYUSB/log/images/capture_2018_10_22_42_32_651324.png,0.44442749,-0.008575439
434,/media/pi/ROMYUSB/log/images/capture_2018_10_22_42_32_776044.png,0.452972412,-0.008575439
435,/media/pi/ROMYUSB/log/images/capture_2018_10_22_42_32_900442.png,0.461517334,-0.008575439
436,/media/pi/ROMYUSB/log/images/capture_2018_10_22_42_33_027842.png,0.54699707,-0.008575439
437,/media/pi/ROMYUSB/log/images/capture_2018_10_22_42_33_150877.png,0.863220215,-0.008575439
438,/media/pi/ROMYUSB/log/images/capture_2018_10_22_42_33_275611.png,0.974334717,-0.008575439
439,/media/pi/ROMYUSB/log/images/capture_2018_10_22_42_33_395872.png,0.999969482,-0.008575439
440,/media/pi/ROMYUSB/log/images/capture_2018_10_22_42_33_493414.png,0.999969482,-0.008575439
441,/media/pi/ROMYUSB/log/images/capture_2018_10_22_42_33_595877.png,0.999969482,-0.017120361
442,/media/pi/ROMYUSB/log/images/capture_2018_10_22_42_33_695558.png,0.999969482,-0.017120361
443,/media/pi/ROMYUSB/log/images/capture_2018_10_22_42_33_795542.png,0.999969482,-0.008575439
444,/media/pi/ROMYUSB/log/images/capture_2018_10_22_42_33_896442.png,0.999969482,-0.008575439
445,/media/pi/ROMYUSB/log/images/capture_2018_10_22_42_33_980775.png,0.999969482,-0.008575439
446,/media/pi/ROMYUSB/log/images/capture_2018_10_22_42_34_078690.png,0.999969482,-0.008575439
447,/media/pi/ROMYUSB/log/images/capture_2018_10_22_42_34_176041.png,0.999969482,-0.008575439
448,/media/pi/ROMYUSB/log/images/capture_2018_10_22_42_34_310658.png,0.999969482,-0.008575439
449,/media/pi/ROMYUSB/log/images/capture_2018_10_22_42_34_409973.png,0.999969482,-0.008575439
450,/media/pi/ROMYUSB/log/images/capture_2018_10_22_42_34_511560.png,0.999969482,-0.008575439
451,/media/pi/ROMYUSB/log/images/capture_2018_10_22_42_34_609591.png,0.999969482,-0.008575439
452,/media/pi/ROMYUSB/log/images/capture_2018_10_22_42_34_708432.png,0.999969482,-0.008575439
453,/media/pi/ROMYUSB/log/images/capture_2018_10_22_42_34_806612.png,0.999969482,-0.008575439
454,/media/pi/ROMYUSB/log/images/capture_2018_10_22_42_34_906393.png,0.999969482,-0.008575439
455,/media/pi/ROMYUSB/log/images/capture_2018_10_22_42_35_027901.png,0.999969482,-0.008575439
456,/media/pi/ROMYUSB/log/images/capture_2018_10_22_42_35_143743.png,0.999969482,-0.008575439
457,/media/pi/ROMYUSB/log/images/capture_2018_10_22_42_35_338291.png,0.999969482,-0.008575439
458,/media/pi/ROMYUSB/log/images/capture_2018_10_22_42_35_537650.png,0.999969482,-0.008575439
459,/media/pi/ROMYUSB/log/images/capture_2018_10_22_42_35_728311.png,0.999969482,-0.008575439
460,/media/pi/ROMYUSB/log/images/capture_2018_10_22_42_35_927576.png,0.999969482,-0.008575439
461,/media/pi/ROMYUSB/log/images/capture_2018_10_22_42_36_127935.png,0.999969482,-0.008575439
462,/media/pi/ROMYUSB/log/images/capture_2018_10_22_42_36_327541.png,0.999969482,-0.008575439
463,/media/pi/ROMYUSB/log/images/capture_2018_10_22_42_36_527499.png,0.999969482,-0.008575439
464,/media/pi/ROMYUSB/log/images/capture_2018_10_22_42_36_727551.png,0.999969482,-0.008575439
465,/media/pi/ROMYUSB/log/images/capture_2018_10_22_42_36_927514.png,0.008544922,-0.008575439
466,/media/pi/ROMYUSB/log/images/capture_2018_10_22_42_37_117463.png,0.008544922,-0.008575439
467,/media/pi/ROMYUSB/log/images/capture_2018_10_22_42_37_307609.png,0.008544922,-0.008575439
468,/media/pi/ROMYUSB/log/images/capture_2018_10_22_42_37_497756.png,0.008544922,-0.008575439
469,/media/pi/ROMYUSB/log/images/capture_2018_10_22_42_37_698018.png,0.008544922,-0.008575439
470,/media/pi/ROMYUSB/log/images/capture_2018_10_22_42_37_887375.png,0.008544922,-0.008575439
471,/media/pi/ROMYUSB/log/images/capture_2018_10_22_42_38_077557.png,0.008544922,-0.008575439
472,/media/pi/ROMYUSB/log/images/capture_2018_10_22_42_38_277490.png,0.008544922,-0.008575439
473,/media/pi/ROMYUSB/log/images/capture_2018_10_22_42_38_385229.png,0.008544922,-0.008575439
474,/media/pi/ROMYUSB/log/images/capture_2018_10_22_42_38_588718.png,0.008544922,-0.008575439
475,/media/pi/ROMYUSB/log/images/capture_2018_10_22_42_38_717138.png,0.008544922,-0.008575439
476,/media/pi/ROMYUSB/log/images/capture_2018_10_22_42_38_843247.png,0.008544922,-0.008575439
477,/media/pi/ROMYUSB/log/images/capture_2018_10_22_42_38_944272.png,0.008544922,-0.008575439
478,/media/pi/ROMYUSB/log/images/capture_2018_10_22_42_39_046172.png,0.008544922,-0.008575439
479,/media/pi/ROMYUSB/log/images/capture_2018_10_22_42_39_148429.png,0.085449219,-0.008575439
480,/media/pi/ROMYUSB/log/images/capture_2018_10_22_42_39_232947.png,0.495697021,-0.008575439
481,/media/pi/ROMYUSB/log/images/capture_2018_10_22_42_39_334487.png,0.521362305,-0.008575439
482,/media/pi/ROMYUSB/log/images/capture_2018_10_22_42_39_416404.png,0.059814453,-0.008575439
483,/media/pi/ROMYUSB/log/images/capture_2018_10_22_42_39_517351.png,0.008544922,-0.008575439
484,/media/pi/ROMYUSB/log/images/capture_2018_10_22_42_39_625050.png,0.008544922,-0.008575439
485,/media/pi/ROMYUSB/log/images/capture_2018_10_22_42_39_726072.png,0.008544922,-0.008575439
486,/media/pi/ROMYUSB/log/images/capture_2018_10_22_42_39_856419.png,0.008544922,-0.008575439
487,/media/pi/ROMYUSB/log/images/capture_2018_10_22_42_39_957534.png,0.008544922,-0.008575439
488,/media/pi/ROMYUSB/log/images/capture_2018_10_22_42_40_041555.png,0.008544922,-0.008575439
489,/media/pi/ROMYUSB/log/images/capture_2018_10_22_42_40_146084.png,0.008544922,-0.008575439
490,/media/pi/ROMYUSB/log/images/capture_2018_10_22_42_40_229770.png,0.008544922,-0.008575439
491,/media/pi/ROMYUSB/log/images/capture_2018_10_22_42_40_330996.png,0.008544922,-0.008575439
492,/media/pi/ROMYUSB/log/images/capture_2018_10_22_42_40_433579.png,0.008544922,-0.008575439
493,/media/pi/ROMYUSB/log/images/capture_2018_10_22_42_40_509736.png,0.008544922,-0.008575439
494,/media/pi/ROMYUSB/log/images/capture_2018_10_22_42_40_616377.png,-0.017120361,-0.008575439
495,/media/pi/ROMYUSB/log/images/capture_2018_10_22_42_40_701495.png,-0.017120361,-0.008575439
496,/media/pi/ROMYUSB/log/images/capture_2018_10_22_42_40_803227.png,-0.034210205,-0.008575439
497,/media/pi/ROMYUSB/log/images/capture_2018_10_22_42_40_903394.png,-0.034210205,-0.008575439
498,/media/pi/ROMYUSB/log/images/capture_2018_10_22_42_41_004352.png,-0.051300049,-0.008575439
499,/media/pi/ROMYUSB/log/images/capture_2018_10_22_42_41_105755.png,-0.085479736,-0.008575439
500,/media/pi/ROMYUSB/log/images/capture_2018_10_22_42_41_213426.png,-0.085479736,-0.008575439
501,/media/pi/ROMYUSB/log/images/capture_2018_10_22_42_41_334477.png,-0.094024658,-0.008575439
502,/media/pi/ROMYUSB/log/images/capture_2018_10_22_42_41_461667.png,-0.145324707,-0.008575439
503,/media/pi/ROMYUSB/log/images/capture_2018_10_22_42_41_542182.png,-0.179504395,-0.008575439
504,/media/pi/ROMYUSB/log/images/capture_2018_10_22_42_41_642559.png,-0.196594238,-0.008575439
505,/media/pi/ROMYUSB/log/images/capture_2018_10_22_42_41_741932.png,-0.196594238,-0.008575439
506,/media/pi/ROMYUSB/log/images/capture_2018_10_22_42_41_840866.png,-0.196594238,-0.008575439
507,/media/pi/ROMYUSB/log/images/capture_2018_10_22_42_41_945019.png,-0.196594238,-0.008575439
508,/media/pi/ROMYUSB/log/images/capture_2018_10_22_42_42_049760.png,-0.196594238,-0.008575439
509,/media/pi/ROMYUSB/log/images/capture_2018_10_22_42_42_150654.png,-0.196594238,-0.017120361
510,/media/pi/ROMYUSB/log/images/capture_2018_10_22_42_42_270614.png,-0.196594238,-0.008575439
511,/media/pi/ROMYUSB/log/images/capture_2018_10_22_42_42_393276.png,0,-0.008575439
512,/media/pi/ROMYUSB/log/images/capture_2018_10_22_42_42_518751.png,0,-0.008575439
513,/media/pi/ROMYUSB/log/images/capture_2018_10_22_42_42_717502.png,0,-0.008575439
514,/media/pi/ROMYUSB/log/images/capture_2018_10_22_42_42_917444.png,0.042724609,-0.008575439
515,/media/pi/ROMYUSB/log/images/capture_2018_10_22_42_43_117674.png,0.666656494,-0.008575439
516,/media/pi/ROMYUSB/log/images/capture_2018_10_22_42_43_317789.png,0.999969482,-0.008575439
517,/media/pi/ROMYUSB/log/images/capture_2018_10_22_42_43_516695.png,0.999969482,-0.008575439
518,/media/pi/ROMYUSB/log/images/capture_2018_10_22_42_43_696588.png,0.999969482,-0.008575439
519,/media/pi/ROMYUSB/log/images/capture_2018_10_22_42_43_876657.png,0.999969482,-0.008575439
520,/media/pi/ROMYUSB/log/images/capture_2018_10_22_42_44_056741.png,0.999969482,-0.008575439
521,/media/pi/ROMYUSB/log/images/capture_2018_10_22_42_44_139248.png,0.999969482,-0.008575439
522,/media/pi/ROMYUSB/log/images/capture_2018_10_22_42_44_350063.png,0.999969482,-0.008575439
523,/media/pi/ROMYUSB/log/images/capture_2018_10_22_42_44_546739.png,0.999969482,-0.008575439
524,/media/pi/ROMYUSB/log/images/capture_2018_10_22_42_44_727926.png,0.999969482,-0.008575439
525,/media/pi/ROMYUSB/log/images/capture_2018_10_22_42_44_907276.png,0.999969482,-0.008575439
526,/media/pi/ROMYUSB/log/images/capture_2018_10_22_42_45_086741.png,0.999969482,-0.008575439
527,/media/pi/ROMYUSB/log/images/capture_2018_10_22_42_45_270051.png,0.999969482,-0.008575439
528,/media/pi/ROMYUSB/log/images/capture_2018_10_22_42_45_467672.png,0.999969482,-0.008575439
529,/media/pi/ROMYUSB/log/images/capture_2018_10_22_42_45_669781.png,0.999969482,-0.008575439
530,/media/pi/ROMYUSB/log/images/capture_2018_10_22_42_45_795994.png,0.999969482,-0.008575439
531,/media/pi/ROMYUSB/log/images/capture_2018_10_22_42_45_997403.png,0.999969482,-0.008575439
532,/media/pi/ROMYUSB/log/images/capture_2018_10_22_42_46_197467.png,0.999969482,-0.008575439
533,/media/pi/ROMYUSB/log/images/capture_2018_10_22_42_46_309762.png,0.999969482,-0.008575439
534,/media/pi/ROMYUSB/log/images/capture_2018_10_22_42_46_481187.png,0.999969482,-0.008575439
535,/media/pi/ROMYUSB/log/images/capture_2018_10_22_42_46_676831.png,0.999969482,-0.008575439
536,/media/pi/ROMYUSB/log/images/capture_2018_10_22_42_46_856763.png,0.999969482,-0.008575439
537,/media/pi/ROMYUSB/log/images/capture_2018_10_22_42_47_036749.png,0.999969482,-0.008575439
538,/media/pi/ROMYUSB/log/images/capture_2018_10_22_42_47_216639.png,0.999969482,-0.008575439
539,/media/pi/ROMYUSB/log/images/capture_2018_10_22_42_47_397676.png,0.999969482,-0.008575439
540,/media/pi/ROMYUSB/log/images/capture_2018_10_22_42_47_561700.png,0.999969482,-0.008575439
541,/media/pi/ROMYUSB/log/images/capture_2018_10_22_42_47_636922.png,0.999969482,-0.008575439
542,/media/pi/ROMYUSB/log/images/capture_2018_10_22_42_47_737078.png,0.999969482,-0.008575439
543,/media/pi/ROMYUSB/log/images/capture_2018_10_22_42_47_836705.png,0.999969482,-0.008575439
544,/media/pi/ROMYUSB/log/images/capture_2018_10_22_42_47_918077.png,0.999969482,-0.008575439
545,/media/pi/ROMYUSB/log/images/capture_2018_10_22_42_48_021441.png,0.999969482,-0.008575439
546,/media/pi/ROMYUSB/log/images/capture_2018_10_22_42_48_106626.png,0.008544922,-0.008575439
547,/media/pi/ROMYUSB/log/images/capture_2018_10_22_42_48_210614.png,0.008544922,-0.008575439
548,/media/pi/ROMYUSB/log/images/capture_2018_10_22_42_48_334987.png,0.008544922,-0.008575439
549,/media/pi/ROMYUSB/log/images/capture_2018_10_22_42_48_418937.png,0.008544922,-0.008575439
550,/media/pi/ROMYUSB/log/images/capture_2018_10_22_42_48_523562.png,0.008544922,-0.008575439
551,/media/pi/ROMYUSB/log/images/capture_2018_10_22_42_48_628495.png,0.008544922,-0.008575439
552,/media/pi/ROMYUSB/log/images/capture_2018_10_22_42_48_730152.png,0.008544922,-0.008575439
553,/media/pi/ROMYUSB/log/images/capture_2018_10_22_42_48_830284.png,0.008544922,-0.008575439
554,/media/pi/ROMYUSB/log/images/capture_2018_10_22_42_48_930588.png,0.008544922,-0.008575439
555,/media/pi/ROMYUSB/log/images/capture_2018_10_22_42_49_035118.png,0.008544922,-0.008575439
556,/media/pi/ROMYUSB/log/images/capture_2018_10_22_42_49_140483.png,0.008544922,-0.008575439
557,/media/pi/ROMYUSB/log/images/capture_2018_10_22_42_49_267183.png,0.008544922,-0.008575439
558,/media/pi/ROMYUSB/log/images/capture_2018_10_22_42_49_391949.png,0.008544922,-0.008575439
559,/media/pi/ROMYUSB/log/images/capture_2018_10_22_42_49_518893.png,0,-0.008575439
560,/media/pi/ROMYUSB/log/images/capture_2018_10_22_42_49_648114.png,0,-0.008575439
561,/media/pi/ROMYUSB/log/images/capture_2018_10_22_42_49_773310.png,0,-0.017120361
562,/media/pi/ROMYUSB/log/images/capture_2018_10_22_42_49_898148.png,-0.119659424,-0.017120361
563,/media/pi/ROMYUSB/log/images/capture_2018_10_22_42_49_993765.png,-0.145324707,-0.017120361
564,/media/pi/ROMYUSB/log/images/capture_2018_10_22_42_50_096781.png,-0.20513916,-0.017120361
565,/media/pi/ROMYUSB/log/images/capture_2018_10_22_42_50_198505.png,-0.35043335,-0.017120361
566,/media/pi/ROMYUSB/log/images/capture_2018_10_22_42_50_300839.png,-0.393188477,-0.017120361
567,/media/pi/ROMYUSB/log/images/capture_2018_10_22_42_50_401131.png,-0.504302979,-0.017120361
568,/media/pi/ROMYUSB/log/images/capture_2018_10_22_42_50_502811.png,-0.65814209,-0.025665283
569,/media/pi/ROMYUSB/log/images/capture_2018_10_22_42_50_605597.png,-0.692321777,-0.017120361
570,/media/pi/ROMYUSB/log/images/capture_2018_10_22_42_50_708989.png,-0.692321777,-0.017120361
571,/media/pi/ROMYUSB/log/images/capture_2018_10_22_42_50_841612.png,-0.692321777,-0.017120361
572,/media/pi/ROMYUSB/log/images/capture_2018_10_22_42_50_962476.png,0.008544922,-0.017120361
573,/media/pi/ROMYUSB/log/images/capture_2018_10_22_42_51_087245.png,0.008544922,-0.017120361
574,/media/pi/ROMYUSB/log/images/capture_2018_10_22_42_51_217684.png,0.008544922,-0.017120361
575,/media/pi/ROMYUSB/log/images/capture_2018_10_22_42_51_419152.png,0.008544922,-0.017120361
576,/media/pi/ROMYUSB/log/images/capture_2018_10_22_42_51_616856.png,0.008544922,-0.025665283
577,/media/pi/ROMYUSB/log/images/capture_2018_10_22_42_51_796835.png,0.008544922,-0.025665283
578,/media/pi/ROMYUSB/log/images/capture_2018_10_22_42_51_978517.png,0.008544922,-0.017120361
579,/media/pi/ROMYUSB/log/images/capture_2018_10_22_42_52_156968.png,0.008544922,-0.025665283
580,/media/pi/ROMYUSB/log/images/capture_2018_10_22_42_52_337635.png,0.230743408,-0.017120361
581,/media/pi/ROMYUSB/log/images/capture_2018_10_22_42_52_537774.png,0.230743408,-0.017120361
582,/media/pi/ROMYUSB/log/images/capture_2018_10_22_42_52_737419.png,0.230743408,-0.017120361
583,/media/pi/ROMYUSB/log/images/capture_2018_10_22_42_52_869033.png,0.230743408,-0.017120361
584,/media/pi/ROMYUSB/log/images/capture_2018_10_22_42_52_993765.png,0.230743408,-0.025665283
585,/media/pi/ROMYUSB/log/images/capture_2018_10_22_42_53_199880.png,0.230743408,-0.025665283
586,/media/pi/ROMYUSB/log/images/capture_2018_10_22_42_53_407336.png,0.230743408,-0.025665283
587,/media/pi/ROMYUSB/log/images/capture_2018_10_22_42_53_586722.png,0.504272461,-0.025665283
588,/media/pi/ROMYUSB/log/images/capture_2018_10_22_42_53_766665.png,0.999969482,-0.025665283
589,/media/pi/ROMYUSB/log/images/capture_2018_10_22_42_53_948963.png,0.999969482,-0.017120361
590,/media/pi/ROMYUSB/log/images/capture_2018_10_22_42_54_128877.png,0.999969482,-0.025665283
591,/media/pi/ROMYUSB/log/images/capture_2018_10_22_42_54_328876.png,0.999969482,-0.017120361
592,/media/pi/ROMYUSB/log/images/capture_2018_10_22_42_54_527706.png,0.999969482,-0.017120361
593,/media/pi/ROMYUSB/log/images/capture_2018_10_22_42_54_728176.png,0.999969482,-0.017120361
594,/media/pi/ROMYUSB/log/images/capture_2018_10_22_42_54_928589.png,0.999969482,-0.017120361
595,/media/pi/ROMYUSB/log/images/capture_2018_10_22_42_55_128160.png,0.999969482,-0.017120361
596,/media/pi/ROMYUSB/log/images/capture_2018_10_22_42_55_319200.png,0.999969482,-0.017120361
597,/media/pi/ROMYUSB/log/images/capture_2018_10_22_42_55_517767.png,0.999969482,-0.017120361
598,/media/pi/ROMYUSB/log/images/capture_2018_10_22_42_55_718140.png,0.999969482,-0.025665283
599,/media/pi/ROMYUSB/log/images/capture_2018_10_22_42_55_917446.png,0.999969482,-0.017120361
600,/media/pi/ROMYUSB/log/images/capture_2018_10_22_42_56_117724.png,0.999969482,-0.017120361
601,/media/pi/ROMYUSB/log/images/capture_2018_10_22_42_56_218003.png,0.999969482,-0.008575439
602,/media/pi/ROMYUSB/log/images/capture_2018_10_22_42_56_418249.png,0.999969482,-0.008575439
603,/media/pi/ROMYUSB/log/images/capture_2018_10_22_42_56_617578.png,0.999969482,-0.008575439
604,/media/pi/ROMYUSB/log/images/capture_2018_10_22_42_56_817366.png,0.008544922,-0.008575439
605,/media/pi/ROMYUSB/log/images/capture_2018_10_22_42_57_007507.png,0.008544922,-0.008575439
606,/media/pi/ROMYUSB/log/images/capture_2018_10_22_42_57_197704.png,0.008544922,-0.008575439
607,/media/pi/ROMYUSB/log/images/capture_2018_10_22_42_57_387670.png,-0.299163818,-0.008575439
608,/media/pi/ROMYUSB/log/images/capture_2018_10_22_42_57_577587.png,-0.264984131,-0.008575439
609,/media/pi/ROMYUSB/log/images/capture_2018_10_22_42_57_767979.png,-0.418823242,-0.008575439
610,/media/pi/ROMYUSB/log/images/capture_2018_10_22_42_57_971518.png,0.008544922,-0.008575439
611,/media/pi/ROMYUSB/log/images/capture_2018_10_22_42_58_078651.png,0.008544922,-0.008575439
612,/media/pi/ROMYUSB/log/images/capture_2018_10_22_42_58_180655.png,0.008544922,-0.008575439
613,/media/pi/ROMYUSB/log/images/capture_2018_10_22_42_58_303770.png,0.008544922,-0.008575439
614,/media/pi/ROMYUSB/log/images/capture_2018_10_22_42_58_426152.png,0.008544922,-0.008575439
615,/media/pi/ROMYUSB/log/images/capture_2018_10_22_42_58_549179.png,0.008544922,-0.008575439
616,/media/pi/ROMYUSB/log/images/capture_2018_10_22_42_58_671426.png,0.008544922,-0.008575439
617,/media/pi/ROMYUSB/log/images/capture_2018_10_22_42_58_805643.png,0.008544922,-0.008575439
618,/media/pi/ROMYUSB/log/images/capture_2018_10_22_42_58_929960.png,0.008544922,-0.008575439
619,/media/pi/ROMYUSB/log/images/capture_2018_10_22_42_59_054536.png,0.008544922,-0.008575439
620,/media/pi/ROMYUSB/log/images/capture_2018_10_22_42_59_179803.png,0.008544922,-0.008575439
621,/media/pi/ROMYUSB/log/images/capture_2018_10_22_42_59_305297.png,0.008544922,-0.008575439
622,/media/pi/ROMYUSB/log/images/capture_2018_10_22_42_59_429181.png,0.008544922,-0.008575439
623,/media/pi/ROMYUSB/log/images/capture_2018_10_22_42_59_553316.png,0.008544922,-0.008575439
624,/media/pi/ROMYUSB/log/images/capture_2018_10_22_42_59_678213.png,0.008544922,-0.008575439
625,/media/pi/ROMYUSB/log/images/capture_2018_10_22_42_59_801030.png,0.008544922,-0.008575439
626,/media/pi/ROMYUSB/log/images/capture_2018_10_22_42_59_930201.png,0.008544922,-0.008575439
627,/media/pi/ROMYUSB/log/images/capture_2018_10_22_43_00_057033.png,0.008544922,-0.008575439
628,/media/pi/ROMYUSB/log/images/capture_2018_10_22_43_00_160283.png,0,-0.008575439
629,/media/pi/ROMYUSB/log/images/capture_2018_10_22_43_00_264046.png,-0.085479736,-0.008575439
630,/media/pi/ROMYUSB/log/images/capture_2018_10_22_43_00_366401.png,-0.136779785,-0.008575439
631,/media/pi/ROMYUSB/log/images/capture_2018_10_22_43_00_449602.png,-0.145324707,-0.008575439
632,/media/pi/ROMYUSB/log/images/capture_2018_10_22_43_00_552059.png,-0.145324707,-0.008575439
633,/media/pi/ROMYUSB/log/images/capture_2018_10_22_43_00_657621.png,-0.170959473,-0.008575439
634,/media/pi/ROMYUSB/log/images/capture_2018_10_22_43_00_760225.png,-0.170959473,-0.008575439
635,/media/pi/ROMYUSB/log/images/capture_2018_10_22_43_00_887392.png,-0.170959473,-0.008575439
636,/media/pi/ROMYUSB/log/images/capture_2018_10_22_43_01_013536.png,-0.273529053,-0.008575439
637,/media/pi/ROMYUSB/log/images/capture_2018_10_22_43_01_138540.png,-0.30770874,-0.008575439
638,/media/pi/ROMYUSB/log/images/capture_2018_10_22_43_01_259071.png,-0.358978271,-0.008575439
639,/media/pi/ROMYUSB/log/images/capture_2018_10_22_43_01_364027.png,-0.358978271,-0.008575439
640,/media/pi/ROMYUSB/log/images/capture_2018_10_22_43_01_462987.png,-0.358978271,-0.008575439
641,/media/pi/ROMYUSB/log/images/capture_2018_10_22_43_01_540153.png,-0.358978271,-0.008575439
642,/media/pi/ROMYUSB/log/images/capture_2018_10_22_43_01_644979.png,-0.358978271,-0.008575439
643,/media/pi/ROMYUSB/log/images/capture_2018_10_22_43_01_728705.png,-0.256439209,-0.008575439
644,/media/pi/ROMYUSB/log/images/capture_2018_10_22_43_01_828999.png,0.136749268,-0.008575439
645,/media/pi/ROMYUSB/log/images/capture_2018_10_22_43_01_930292.png,0.871765137,-0.008575439
646,/media/pi/ROMYUSB/log/images/capture_2018_10_22_43_02_010150.png,0.999969482,-0.008575439
647,/media/pi/ROMYUSB/log/images/capture_2018_10_22_43_02_116874.png,0.999969482,-0.008575439
648,/media/pi/ROMYUSB/log/images/capture_2018_10_22_43_02_246482.png,0.999969482,-0.008575439
649,/media/pi/ROMYUSB/log/images/capture_2018_10_22_43_02_376450.png,0.999969482,-0.008575439
650,/media/pi/ROMYUSB/log/images/capture_2018_10_22_43_02_502504.png,0.999969482,-0.008575439
651,/media/pi/ROMYUSB/log/images/capture_2018_10_22_43_02_629358.png,0.999969482,-0.008575439
652,/media/pi/ROMYUSB/log/images/capture_2018_10_22_43_02_752634.png,0.999969482,-0.008575439
653,/media/pi/ROMYUSB/log/images/capture_2018_10_22_43_02_873989.png,0.999969482,-0.008575439
654,/media/pi/ROMYUSB/log/images/capture_2018_10_22_43_02_995517.png,0.999969482,-0.008575439
655,/media/pi/ROMYUSB/log/images/capture_2018_10_22_43_03_117220.png,0.999969482,-0.008575439
656,/media/pi/ROMYUSB/log/images/capture_2018_10_22_43_03_319637.png,0.999969482,-0.008575439
657,/media/pi/ROMYUSB/log/images/capture_2018_10_22_43_03_517584.png,0.999969482,-0.008575439
658,/media/pi/ROMYUSB/log/images/capture_2018_10_22_43_03_720525.png,0.999969482,-0.008575439
659,/media/pi/ROMYUSB/log/images/capture_2018_10_22_43_03_917186.png,0.999969482,-0.008575439
660,/media/pi/ROMYUSB/log/images/capture_2018_10_22_43_04_096644.png,0.999969482,-0.008575439
661,/media/pi/ROMYUSB/log/images/capture_2018_10_22_43_04_277634.png,0.999969482,-0.008575439
662,/media/pi/ROMYUSB/log/images/capture_2018_10_22_43_04_457234.png,0.999969482,-0.008575439
663,/media/pi/ROMYUSB/log/images/capture_2018_10_22_43_04_638215.png,0.999969482,-0.008575439
664,/media/pi/ROMYUSB/log/images/capture_2018_10_22_43_04_810448.png,0.999969482,-0.008575439
665,/media/pi/ROMYUSB/log/images/capture_2018_10_22_43_04_926630.png,0.999969482,-0.008575439
666,/media/pi/ROMYUSB/log/images/capture_2018_10_22_43_05_055631.png,0.999969482,-0.008575439
667,/media/pi/ROMYUSB/log/images/capture_2018_10_22_43_05_180328.png,0.999969482,-0.008575439
668,/media/pi/ROMYUSB/log/images/capture_2018_10_22_43_05_335645.png,0.999969482,-0.008575439
669,/media/pi/ROMYUSB/log/images/capture_2018_10_22_43_05_460808.png,0.999969482,-0.008575439
670,/media/pi/ROMYUSB/log/images/capture_2018_10_22_43_05_581476.png,0.999969482,-0.008575439
671,/media/pi/ROMYUSB/log/images/capture_2018_10_22_43_05_703339.png,0.999969482,-0.008575439
672,/media/pi/ROMYUSB/log/images/capture_2018_10_22_43_05_830236.png,0.999969482,-0.008575439
673,/media/pi/ROMYUSB/log/images/capture_2018_10_22_43_05_959698.png,0.999969482,-0.008575439
674,/media/pi/ROMYUSB/log/images/capture_2018_10_22_43_06_086839.png,0.999969482,-0.008575439
675,/media/pi/ROMYUSB/log/images/capture_2018_10_22_43_06_216159.png,0.999969482,-0.008575439
676,/media/pi/ROMYUSB/log/images/capture_2018_10_22_43_06_340409.png,0.999969482,-0.008575439
677,/media/pi/ROMYUSB/log/images/capture_2018_10_22_43_06_463965.png,0.999969482,-0.008575439
678,/media/pi/ROMYUSB/log/images/capture_2018_10_22_43_06_589063.png,0.999969482,-0.008575439
679,/media/pi/ROMYUSB/log/images/capture_2018_10_22_43_06_689997.png,0.999969482,-0.008575439
680,/media/pi/ROMYUSB/log/images/capture_2018_10_22_43_06_791602.png,0.999969482,-0.008575439
681,/media/pi/ROMYUSB/log/images/capture_2018_10_22_43_06_885233.png,0.999969482,-0.008575439
682,/media/pi/ROMYUSB/log/images/capture_2018_10_22_43_06_986788.png,0.948699951,-0.008575439
683,/media/pi/ROMYUSB/log/images/capture_2018_10_22_43_07_088467.png,0.008544922,-0.008575439
684,/media/pi/ROMYUSB/log/images/capture_2018_10_22_43_07_192822.png,0.008544922,-0.008575439
685,/media/pi/ROMYUSB/log/images/capture_2018_10_22_43_07_298189.png,0.008544922,-0.008575439
686,/media/pi/ROMYUSB/log/images/capture_2018_10_22_43_07_429290.png,0.008544922,-0.008575439
687,/media/pi/ROMYUSB/log/images/capture_2018_10_22_43_07_557645.png,0.008544922,-0.008575439
688,/media/pi/ROMYUSB/log/images/capture_2018_10_22_43_07_682847.png,0.008544922,-0.008575439
689,/media/pi/ROMYUSB/log/images/capture_2018_10_22_43_07_792056.png,0.008544922,-0.008575439
690,/media/pi/ROMYUSB/log/images/capture_2018_10_22_43_07_894381.png,0.008544922,-0.008575439
691,/media/pi/ROMYUSB/log/images/capture_2018_10_22_43_07_998319.png,0.008544922,-0.008575439
692,/media/pi/ROMYUSB/log/images/capture_2018_10_22_43_08_129108.png,0.008544922,-0.008575439
693,/media/pi/ROMYUSB/log/images/capture_2018_10_22_43_08_232316.png,0.008544922,-0.008575439
694,/media/pi/ROMYUSB/log/images/capture_2018_10_22_43_08_333934.png,0.008544922,-0.008575439
695,/media/pi/ROMYUSB/log/images/capture_2018_10_22_43_08_436678.png,0,-0.008575439
696,/media/pi/ROMYUSB/log/images/capture_2018_10_22_43_08_541539.png,-0.213684082,-0.008575439
697,/media/pi/ROMYUSB/log/images/capture_2018_10_22_43_08_669573.png,-0.341888428,-0.008575439
698,/media/pi/ROMYUSB/log/images/capture_2018_10_22_43_08_793731.png,-0.45300293,-0.008575439
699,/media/pi/ROMYUSB/log/images/capture_2018_10_22_43_08_919093.png,-0.478637695,-0.008575439
700,/media/pi/ROMYUSB/log/images/capture_2018_10_22_43_09_047339.png,-0.470092773,-0.008575439
701,/media/pi/ROMYUSB/log/images/capture_2018_10_22_43_09_178638.png,-0.470092773,-0.008575439
702,/media/pi/ROMYUSB/log/images/capture_2018_10_22_43_09_335654.png,-0.461547852,-0.008575439
703,/media/pi/ROMYUSB/log/images/capture_2018_10_22_43_09_466252.png,0,-0.008575439
704,/media/pi/ROMYUSB/log/images/capture_2018_10_22_43_09_600762.png,0,-0.008575439
705,/media/pi/ROMYUSB/log/images/capture_2018_10_22_43_09_727222.png,0,-0.008575439
706,/media/pi/ROMYUSB/log/images/capture_2018_10_22_43_09_852252.png,0,-0.008575439
707,/media/pi/ROMYUSB/log/images/capture_2018_10_22_43_09_976127.png,0,-0.008575439
708,/media/pi/ROMYUSB/log/images/capture_2018_10_22_43_10_101397.png,0,-0.008575439
709,/media/pi/ROMYUSB/log/images/capture_2018_10_22_43_10_247130.png,-0.264984131,-0.008575439
710,/media/pi/ROMYUSB/log/images/capture_2018_10_22_43_10_352947.png,-0.30770874,-0.008575439
711,/media/pi/ROMYUSB/log/images/capture_2018_10_22_43_10_453940.png,-0.30770874,-0.008575439
712,/media/pi/ROMYUSB/log/images/capture_2018_10_22_43_10_556845.png,0.008544922,-0.008575439
713,/media/pi/ROMYUSB/log/images/capture_2018_10_22_43_10_659301.png,0,-0.008575439
714,/media/pi/ROMYUSB/log/images/capture_2018_10_22_43_10_760815.png,-0.162414551,-0.008575439
715,/media/pi/ROMYUSB/log/images/capture_2018_10_22_43_10_873094.png,-0.213684082,-0.008575439
716,/media/pi/ROMYUSB/log/images/capture_2018_10_22_43_11_007323.png,0,-0.008575439
717,/media/pi/ROMYUSB/log/images/capture_2018_10_22_43_11_113812.png,0,-0.008575439
718,/media/pi/ROMYUSB/log/images/capture_2018_10_22_43_11_220398.png,0,-0.008575439
719,/media/pi/ROMYUSB/log/images/capture_2018_10_22_43_11_323269.png,0,-0.008575439
720,/media/pi/ROMYUSB/log/images/capture_2018_10_22_43_11_425264.png,-0.068389893,-0.008575439
721,/media/pi/ROMYUSB/log/images/capture_2018_10_22_43_11_511493.png,-0.435913086,-0.008575439
722,/media/pi/ROMYUSB/log/images/capture_2018_10_22_43_11_686991.png,0,-0.008575439
723,/media/pi/ROMYUSB/log/images/capture_2018_10_22_43_11_887099.png,0,-0.008575439
724,/media/pi/ROMYUSB/log/images/capture_2018_10_22_43_12_066760.png,0,-0.008575439
725,/media/pi/ROMYUSB/log/images/capture_2018_10_22_43_12_247539.png,0,-0.008575439
726,/media/pi/ROMYUSB/log/images/capture_2018_10_22_43_12_427002.png,0,-0.008575439
727,/media/pi/ROMYUSB/log/images/capture_2018_10_22_43_12_610604.png,0.170928955,-0.008575439
728,/media/pi/ROMYUSB/log/images/capture_2018_10_22_43_12_807707.png,0.230743408,-0.008575439
729,/media/pi/ROMYUSB/log/images/capture_2018_10_22_43_13_007512.png,0.324768066,-0.008575439
730,/media/pi/ROMYUSB/log/images/capture_2018_10_22_43_13_209709.png,0.999969482,-0.008575439
731,/media/pi/ROMYUSB/log/images/capture_2018_10_22_43_13_407992.png,0.999969482,-0.008575439
732,/media/pi/ROMYUSB/log/images/capture_2018_10_22_43_13_607015.png,0.999969482,-0.008575439
733,/media/pi/ROMYUSB/log/images/capture_2018_10_22_43_13_786688.png,0.999969482,-0.008575439
734,/media/pi/ROMYUSB/log/images/capture_2018_10_22_43_13_966681.png,0.999969482,-0.008575439
735,/media/pi/ROMYUSB/log/images/capture_2018_10_22_43_14_146947.png,0.999969482,-0.008575439
736,/media/pi/ROMYUSB/log/images/capture_2018_10_22_43_14_327614.png,0.999969482,-0.008575439
737,/media/pi/ROMYUSB/log/images/capture_2018_10_22_43_14_527597.png,0.999969482,-0.008575439
738,/media/pi/ROMYUSB/log/images/capture_2018_10_22_43_14_648280.png,0.999969482,-0.008575439
739,/media/pi/ROMYUSB/log/images/capture_2018_10_22_43_14_847554.png,0.999969482,-0.008575439
740,/media/pi/ROMYUSB/log/images/capture_2018_10_22_43_15_047820.png,0.999969482,-0.008575439
741,/media/pi/ROMYUSB/log/images/capture_2018_10_22_43_15_247757.png,0.999969482,-0.008575439
742,/media/pi/ROMYUSB/log/images/capture_2018_10_22_43_15_447745.png,0.999969482,-0.008575439
743,/media/pi/ROMYUSB/log/images/capture_2018_10_22_43_15_647688.png,0.999969482,-0.008575439
744,/media/pi/ROMYUSB/log/images/capture_2018_10_22_43_15_860410.png,0.999969482,-0.008575439
745,/media/pi/ROMYUSB/log/images/capture_2018_10_22_43_15_960415.png,0.999969482,-0.008575439
746,/media/pi/ROMYUSB/log/images/capture_2018_10_22_43_16_079386.png,0.999969482,-0.008575439
747,/media/pi/ROMYUSB/log/images/capture_2018_10_22_43_16_204353.png,0.999969482,-0.008575439
748,/media/pi/ROMYUSB/log/images/capture_2018_10_22_43_16_333987.png,0.999969482,-0.008575439
749,/media/pi/ROMYUSB/log/images/capture_2018_10_22_43_16_457909.png,0.999969482,-0.008575439
750,/media/pi/ROMYUSB/log/images/capture_2018_10_22_43_16_578070.png,0.999969482,-0.008575439
751,/media/pi/ROMYUSB/log/images/capture_2018_10_22_43_16_703072.png,0.999969482,-0.008575439
752,/media/pi/ROMYUSB/log/images/capture_2018_10_22_43_16_834129.png,0.999969482,-0.008575439
753,/media/pi/ROMYUSB/log/images/capture_2018_10_22_43_16_962097.png,0.999969482,-0.008575439
754,/media/pi/ROMYUSB/log/images/capture_2018_10_22_43_17_089265.png,0.999969482,-0.008575439
755,/media/pi/ROMYUSB/log/images/capture_2018_10_22_43_17_201972.png,0.999969482,-0.008575439
756,/media/pi/ROMYUSB/log/images/capture_2018_10_22_43_17_334894.png,0.999969482,-0.008575439
757,/media/pi/ROMYUSB/log/images/capture_2018_10_22_43_17_461664.png,0.999969482,-0.008575439
758,/media/pi/ROMYUSB/log/images/capture_2018_10_22_43_17_590126.png,0.999969482,-0.008575439
759,/media/pi/ROMYUSB/log/images/capture_2018_10_22_43_17_715517.png,0,-0.008575439
760,/media/pi/ROMYUSB/log/images/capture_2018_10_22_43_17_838841.png,0.008544922,-0.008575439
761,/media/pi/ROMYUSB/log/images/capture_2018_10_22_43_17_916805.png,0.008544922,-0.008575439
762,/media/pi/ROMYUSB/log/images/capture_2018_10_22_43_18_020334.png,0.008544922,-0.008575439
763,/media/pi/ROMYUSB/log/images/capture_2018_10_22_43_18_123203.png,0.008544922,-0.008575439
764,/media/pi/ROMYUSB/log/images/capture_2018_10_22_43_18_226806.png,0.008544922,-0.008575439
765,/media/pi/ROMYUSB/log/images/capture_2018_10_22_43_18_329650.png,0.008544922,-0.017120361
766,/media/pi/ROMYUSB/log/images/capture_2018_10_22_43_18_434749.png,0.008544922,-0.008575439
767,/media/pi/ROMYUSB/log/images/capture_2018_10_22_43_18_543300.png,0.008544922,-0.008575439
768,/media/pi/ROMYUSB/log/images/capture_2018_10_22_43_18_673267.png,0.282043457,-0.008575439
769,/media/pi/ROMYUSB/log/images/capture_2018_10_22_43_18_876842.png,0.803405762,-0.008575439
770,/media/pi/ROMYUSB/log/images/capture_2018_10_22_43_19_056776.png,0.008544922,-0.008575439
771,/media/pi/ROMYUSB/log/images/capture_2018_10_22_43_19_237231.png,0.008544922,-0.008575439
772,/media/pi/ROMYUSB/log/images/capture_2018_10_22_43_19_417103.png,0.008544922,-0.008575439
773,/media/pi/ROMYUSB/log/images/capture_2018_10_22_43_19_608412.png,0.008544922,-0.008575439
774,/media/pi/ROMYUSB/log/images/capture_2018_10_22_43_19_807711.png,0.008544922,-0.008575439
775,/media/pi/ROMYUSB/log/images/capture_2018_10_22_43_20_007821.png,0.008544922,-0.008575439
776,/media/pi/ROMYUSB/log/images/capture_2018_10_22_43_20_208643.png,0,-0.017120361
777,/media/pi/ROMYUSB/log/images/capture_2018_10_22_43_20_397307.png,0,-0.008575439
778,/media/pi/ROMYUSB/log/images/capture_2018_10_22_43_20_524419.png,0,-0.008575439
779,/media/pi/ROMYUSB/log/images/capture_2018_10_22_43_20_649158.png,-0.025665283,-0.017120361
780,/media/pi/ROMYUSB/log/images/capture_2018_10_22_43_20_750995.png,-0.034210205,-0.017120361
781,/media/pi/ROMYUSB/log/images/capture_2018_10_22_43_20_854539.png,-0.068389893,-0.008575439
782,/media/pi/ROMYUSB/log/images/capture_2018_10_22_43_20_957532.png,-0.136779785,-0.008575439
783,/media/pi/ROMYUSB/log/images/capture_2018_10_22_43_21_043742.png,-0.179504395,-0.008575439
784,/media/pi/ROMYUSB/log/images/capture_2018_10_22_43_21_145737.png,-0.179504395,-0.008575439
785,/media/pi/ROMYUSB/log/images/capture_2018_10_22_43_21_249903.png,-0.179504395,-0.008575439
786,/media/pi/ROMYUSB/log/images/capture_2018_10_22_43_21_351938.png,-0.179504395,-0.008575439
787,/media/pi/ROMYUSB/log/images/capture_2018_10_22_43_21_547597.png,0,-0.008575439
788,/media/pi/ROMYUSB/log/images/capture_2018_10_22_43_21_751059.png,0,-0.008575439
789,/media/pi/ROMYUSB/log/images/capture_2018_10_22_43_21_948388.png,0,-0.008575439
790,/media/pi/ROMYUSB/log/images/capture_2018_10_22_43_22_148095.png,0,-0.008575439
791,/media/pi/ROMYUSB/log/images/capture_2018_10_22_43_22_348100.png,0,-0.008575439
792,/media/pi/ROMYUSB/log/images/capture_2018_10_22_43_22_558129.png,-0.059844971,-0.008575439
793,/media/pi/ROMYUSB/log/images/capture_2018_10_22_43_22_737944.png,-0.162414551,-0.008575439
794,/media/pi/ROMYUSB/log/images/capture_2018_10_22_43_22_916934.png,-0.162414551,-0.008575439
795,/media/pi/ROMYUSB/log/images/capture_2018_10_22_43_23_024655.png,-0.162414551,-0.008575439
796,/media/pi/ROMYUSB/log/images/capture_2018_10_22_43_23_168948.png,-0.20513916,-0.008575439
797,/media/pi/ROMYUSB/log/images/capture_2018_10_22_43_23_293277.png,-0.213684082,-0.008575439
798,/media/pi/ROMYUSB/log/images/capture_2018_10_22_43_23_428809.png,-0.376098633,-0.008575439
799,/media/pi/ROMYUSB/log/images/capture_2018_10_22_43_23_555672.png,-0.444458008,-0.017120361
800,/media/pi/ROMYUSB/log/images/capture_2018_10_22_43_23_681840.png,-0.085479736,-0.017120361
801,/media/pi/ROMYUSB/log/images/capture_2018_10_22_43_23_796930.png,0.905975342,-0.017120361
802,/media/pi/ROMYUSB/log/images/capture_2018_10_22_43_23_924022.png,0.999969482,-0.017120361
803,/media/pi/ROMYUSB/log/images/capture_2018_10_22_43_24_051984.png,0.999969482,-0.017120361
804,/media/pi/ROMYUSB/log/images/capture_2018_10_22_43_24_173332.png,0.999969482,-0.017120361
805,/media/pi/ROMYUSB/log/images/capture_2018_10_22_43_24_274526.png,0.999969482,-0.017120361
806,/media/pi/ROMYUSB/log/images/capture_2018_10_22_43_24_376058.png,0.999969482,-0.017120361
807,/media/pi/ROMYUSB/log/images/capture_2018_10_22_43_24_476891.png,0.999969482,-0.017120361
808,/media/pi/ROMYUSB/log/images/capture_2018_10_22_43_24_575290.png,0.999969482,-0.017120361
809,/media/pi/ROMYUSB/log/images/capture_2018_10_22_43_24_674632.png,0.999969482,-0.017120361
810,/media/pi/ROMYUSB/log/images/capture_2018_10_22_43_24_779268.png,0.999969482,-0.017120361
811,/media/pi/ROMYUSB/log/images/capture_2018_10_22_43_24_883216.png,0.999969482,-0.017120361
812,/media/pi/ROMYUSB/log/images/capture_2018_10_22_43_25_004885.png,0.999969482,-0.017120361
813,/media/pi/ROMYUSB/log/images/capture_2018_10_22_43_25_103371.png,0.999969482,-0.017120361
814,/media/pi/ROMYUSB/log/images/capture_2018_10_22_43_25_201862.png,0.999969482,-0.008575439
815,/media/pi/ROMYUSB/log/images/capture_2018_10_22_43_25_330702.png,0.999969482,0
816,/media/pi/ROMYUSB/log/images/capture_2018_10_22_43_25_428369.png,0.999969482,0
817,/media/pi/ROMYUSB/log/images/capture_2018_10_22_43_25_509122.png,0.999969482,0
818,/media/pi/ROMYUSB/log/images/capture_2018_10_22_43_25_612124.png,0.999969482,0
819,/media/pi/ROMYUSB/log/images/capture_2018_10_22_43_25_699111.png,0.999969482,0
820,/media/pi/ROMYUSB/log/images/capture_2018_10_22_43_25_798384.png,0.999969482,0
821,/media/pi/ROMYUSB/log/images/capture_2018_10_22_43_25_898054.png,0.999969482,-0.008575439
822,/media/pi/ROMYUSB/log/images/capture_2018_10_22_43_25_975290.png,0.999969482,-0.008575439
823,/media/pi/ROMYUSB/log/images/capture_2018_10_22_43_26_073828.png,0.999969482,-0.017120361
824,/media/pi/ROMYUSB/log/images/capture_2018_10_22_43_26_175169.png,0.999969482,-0.042755127
825,/media/pi/ROMYUSB/log/images/capture_2018_10_22_43_26_257762.png,0.999969482,-0.051300049
826,/media/pi/ROMYUSB/log/images/capture_2018_10_22_43_26_357906.png,0.999969482,-0.059844971
827,/media/pi/ROMYUSB/log/images/capture_2018_10_22_43_26_444311.png,0.999969482,-0.076934814
828,/media/pi/ROMYUSB/log/images/capture_2018_10_22_43_26_548513.png,0.999969482,-0.076934814
829,/media/pi/ROMYUSB/log/images/capture_2018_10_22_43_26_676906.png,0.999969482,-0.076934814
830,/media/pi/ROMYUSB/log/images/capture_2018_10_22_43_26_800664.png,0.999969482,-0.076934814
831,/media/pi/ROMYUSB/log/images/capture_2018_10_22_43_26_883276.png,0.999969482,-0.076934814
832,/media/pi/ROMYUSB/log/images/capture_2018_10_22_43_26_983464.png,0.999969482,-0.076934814
833,/media/pi/ROMYUSB/log/images/capture_2018_10_22_43_27_069630.png,0.999969482,-0.076934814
834,/media/pi/ROMYUSB/log/images/capture_2018_10_22_43_27_174655.png,0.999969482,-0.076934814
835,/media/pi/ROMYUSB/log/images/capture_2018_10_22_43_27_278140.png,0.999969482,-0.076934814
836,/media/pi/ROMYUSB/log/images/capture_2018_10_22_43_27_380903.png,0.999969482,-0.076934814
837,/media/pi/ROMYUSB/log/images/capture_2018_10_22_43_27_483112.png,0.999969482,-0.076934814
838,/media/pi/ROMYUSB/log/images/capture_2018_10_22_43_27_608952.png,0.999969482,-0.076934814
839,/media/pi/ROMYUSB/log/images/capture_2018_10_22_43_27_732338.png,0.999969482,-0.076934814
840,/media/pi/ROMYUSB/log/images/capture_2018_10_22_43_27_832683.png,0.999969482,-0.076934814
841,/media/pi/ROMYUSB/log/images/capture_2018_10_22_43_27_935375.png,0.999969482,-0.076934814
842,/media/pi/ROMYUSB/log/images/capture_2018_10_22_43_28_038703.png,0.999969482,-0.076934814
843,/media/pi/ROMYUSB/log/images/capture_2018_10_22_43_28_142595.png,0.999969482,-0.076934814
844,/media/pi/ROMYUSB/log/images/capture_2018_10_22_43_28_242764.png,0.008544922,-0.076934814
845,/media/pi/ROMYUSB/log/images/capture_2018_10_22_43_28_343438.png,0.008544922,-0.076934814
846,/media/pi/ROMYUSB/log/images/capture_2018_10_22_43_28_449589.png,0.008544922,-0.076934814
847,/media/pi/ROMYUSB/log/images/capture_2018_10_22_43_28_584504.png,0,-0.076934814
848,/media/pi/ROMYUSB/log/images/capture_2018_10_22_43_28_714130.png,0,-0.076934814
849,/media/pi/ROMYUSB/log/images/capture_2018_10_22_43_28_842786.png,0,-0.076934814
850,/media/pi/ROMYUSB/log/images/capture_2018_10_22_43_28_949473.png,0,-0.076934814
851,/media/pi/ROMYUSB/log/images/capture_2018_10_22_43_29_157743.png,0,-0.059844971
852,/media/pi/ROMYUSB/log/images/capture_2018_10_22_43_29_367596.png,-0.051300049,-0.051300049
853,/media/pi/ROMYUSB/log/images/capture_2018_10_22_43_29_577541.png,-0.435913086,-0.051300049
854,/media/pi/ROMYUSB/log/images/capture_2018_10_22_43_29_777541.png,-0.564117432,-0.051300049
855,/media/pi/ROMYUSB/log/images/capture_2018_10_22_43_29_978900.png,-0.743591309,-0.042755127
856,/media/pi/ROMYUSB/log/images/capture_2018_10_22_43_30_177554.png,-0.880371094,-0.034210205
857,/media/pi/ROMYUSB/log/images/capture_2018_10_22_43_30_377602.png,0.008544922,-0.034210205
858,/media/pi/ROMYUSB/log/images/capture_2018_10_22_43_30_579701.png,0.162384033,-0.034210205
